timestamp,csrnet_count_now,true_count_now,true_next_hour,forecast | CSRNet only (reactive),forecast | CSRNet + moving avg (3h),forecast | CSRNet + seasonal (24h ago),forecast | CSRNet + LSTM (predictive),true_risk_next_hour,lstm_risk_forecast,lstm_abs_error,lstm_accuracy_pct
2024-11-06 09:00:00,199.53663635253906,195.0,143.0,199.54,171.42,226.58,153.65,Warning,Warning,10.65,92.55
2024-11-06 10:00:00,132.68234252929688,143.0,117.0,132.68,168.37,130.66,119.33,Warning,Warning,2.33,98.01
2024-11-06 11:00:00,104.4687728881836,117.0,131.0,104.47,145.56,104.47,113.32,Warning,Warning,17.68,86.51
2024-11-06 12:00:00,108.31849670410156,131.0,119.0,108.32,115.16,164.16,118.56,Warning,Warning,0.44,99.63
2024-11-06 13:00:00,90.21966552734375,119.0,131.0,90.22,101.0,164.16,120.69,Warning,Warning,10.31,92.13
2024-11-06 14:00:00,137.0221710205078,131.0,120.0,137.02,111.85,171.0,118.24,Warning,Warning,1.76,98.53
2024-11-06 15:00:00,95.20822143554688,120.0,200.0,95.21,107.48,110.36,114.97,Critical,Warning,85.03,57.49
2024-11-06 16:00:00,151.05458068847656,200.0,109.0,151.05,127.76,106.23,120.04,Warning,Warning,11.04,89.88
2024-11-06 17:00:00,113.0452880859375,109.0,163.0,113.05,119.77,136.06,149.3,Warning,Warning,13.7,91.6
2024-11-06 18:00:00,132.4625701904297,163.0,167.0,132.46,132.19,142.25,187.79,Warning,Warning,20.79,87.55
2024-11-06 19:00:00,175.7568817138672,167.0,159.0,175.76,140.42,205.57,184.07,Warning,Warning,25.07,84.23
2024-11-06 20:00:00,142.24688720703125,159.0,137.0,142.25,150.16,163.41,148.93,Warning,Warning,11.93,91.29
2024-11-06 21:00:00,143.87655639648438,137.0,28.0,143.88,153.96,25.74,26.7,Safe,Safe,1.3,95.35
2024-11-06 22:00:00,25.73779296875,28.0,32.0,25.74,103.95,24.44,25.14,Safe,Safe,6.86,78.57
2024-11-06 23:00:00,27.01401710510254,32.0,35.0,27.01,65.54,24.44,30.77,Safe,Safe,4.23,87.91
2024-11-07 00:00:00,36.132415771484375,35.0,32.0,36.13,29.63,26.99,32.0,Safe,Safe,0.0,99.99
2024-11-07 01:00:00,27.01401710510254,32.0,26.0,27.01,30.05,26.44,31.1,Safe,Safe,5.1,80.4
2024-11-07 02:00:00,20.51638412475586,26.0,33.0,20.52,27.89,24.44,27.57,Safe,Safe,5.43,83.54
2024-11-07 03:00:00,32.60944366455078,33.0,32.0,32.61,26.71,27.01,30.08,Safe,Safe,1.92,94.01
2024-11-07 04:00:00,27.01401710510254,32.0,86.0,27.01,26.71,68.62,84.54,Safe,Safe,1.46,98.3
2024-11-07 05:00:00,77.9565658569336,86.0,85.0,77.96,45.86,92.99,84.9,Safe,Safe,0.1,99.88
2024-11-07 06:00:00,68.61888122558594,85.0,162.0,68.62,57.86,141.82,155.7,Warning,Warning,6.3,96.11
2024-11-07 07:00:00,166.17947387695312,162.0,174.0,166.18,104.25,172.91,205.7,Warning,Critical,31.7,81.78
2024-11-07 08:00:00,163.41355895996094,174.0,195.0,163.41,132.74,199.54,199.52,Warning,Warning,4.52,97.68
2024-11-07 09:00:00,199.63153076171875,195.0,162.0,199.63,176.41,132.68,156.8,Warning,Warning,5.2,96.79
2024-11-07 10:00:00,166.17947387695312,162.0,105.0,166.18,176.41,104.47,123.41,Warning,Warning,18.41,82.47
2024-11-07 11:00:00,86.20878601074219,105.0,117.0,86.21,150.67,108.32,117.71,Warning,Warning,0.71,99.39
2024-11-07 12:00:00,104.4687728881836,117.0,119.0,104.47,118.95,90.22,122.35,Warning,Warning,3.35,97.18
2024-11-07 13:00:00,90.21966552734375,119.0,129.0,90.22,93.63,137.02,124.15,Warning,Warning,4.85,96.24
2024-11-07 14:00:00,126.25714874267578,129.0,133.0,126.26,106.98,95.21,121.56,Warning,Warning,11.44,91.4
2024-11-07 15:00:00,129.9104461669922,133.0,129.0,129.91,115.46,151.05,118.16,Warning,Warning,10.84,91.6
2024-11-07 16:00:00,126.25714874267578,129.0,121.0,126.26,127.47,113.05,122.6,Warning,Warning,1.6,98.68
2024-11-07 17:00:00,118.21829223632812,121.0,149.0,118.22,124.8,132.46,150.94,Warning,Warning,1.94,98.7
2024-11-07 18:00:00,131.3288116455078,149.0,191.0,131.33,125.27,175.76,192.29,Warning,Warning,1.29,99.32
2024-11-07 19:00:00,205.228759765625,191.0,184.0,205.23,151.59,142.25,192.64,Warning,Warning,8.64,95.3
2024-11-07 20:00:00,170.83880615234375,184.0,123.0,170.84,169.13,143.88,156.94,Warning,Warning,33.94,72.4
2024-11-07 21:00:00,126.96678161621094,123.0,32.0,126.97,167.68,25.74,29.77,Safe,Safe,2.23,93.02
2024-11-07 22:00:00,27.01401710510254,32.0,32.0,27.01,108.27,27.01,26.62,Safe,Safe,5.38,83.19
2024-11-07 23:00:00,27.01401710510254,32.0,31.0,27.01,60.33,36.13,32.84,Safe,Safe,1.84,94.07
2024-11-08 00:00:00,26.99037742614746,31.0,38.0,26.99,27.01,27.01,34.16,Safe,Safe,3.84,89.9
2024-11-08 01:00:00,44.10675811767578,38.0,36.0,44.11,32.7,20.52,33.48,Safe,Safe,2.52,93.0
2024-11-08 02:00:00,32.690948486328125,36.0,33.0,32.69,34.6,32.61,31.68,Safe,Safe,1.32,95.99
2024-11-08 03:00:00,31.33649253845215,33.0,31.0,31.34,36.04,27.01,38.15,Safe,Safe,7.15,76.94
2024-11-08 04:00:00,26.435131072998047,31.0,90.0,26.44,30.15,77.96,101.75,Safe,Warning,11.75,86.94
2024-11-08 05:00:00,92.43108367919922,90.0,98.0,92.43,50.07,68.62,105.33,Safe,Warning,7.33,92.52
2024-11-08 06:00:00,89.84654235839844,98.0,184.0,89.85,69.57,166.18,183.18,Warning,Warning,0.82,99.55
2024-11-08 07:00:00,170.83880615234375,184.0,213.0,170.84,117.71,163.41,238.32,Critical,Critical,25.32,88.11
2024-11-08 08:00:00,185.27688598632812,213.0,213.0,185.28,148.65,199.63,231.1,Critical,Critical,18.1,91.5
2024-11-08 09:00:00,211.74005126953125,213.0,167.0,211.74,189.29,166.18,181.6,Warning,Warning,14.6,91.26
2024-11-08 10:00:00,175.7568817138672,167.0,153.0,175.76,190.92,86.21,143.02,Warning,Warning,9.98,93.48
2024-11-08 11:00:00,139.461669921875,153.0,149.0,139.46,175.65,104.47,136.97,Warning,Warning,12.03,91.92
2024-11-08 12:00:00,131.3288116455078,149.0,138.0,131.33,148.85,90.22,142.18,Warning,Warning,4.18,96.97
2024-11-08 13:00:00,141.907958984375,138.0,122.0,141.91,137.57,126.26,143.7,Warning,Warning,21.7,82.21
2024-11-08 14:00:00,110.36428833007812,122.0,127.0,110.36,127.87,129.91,140.59,Warning,Warning,13.59,89.3
2024-11-08 15:00:00,121.58740234375,127.0,122.0,121.59,124.62,126.26,136.84,Warning,Warning,14.84,87.83
2024-11-08 16:00:00,112.01220703125,122.0,137.0,112.01,114.65,118.22,141.92,Warning,Warning,4.92,96.41
2024-11-08 17:00:00,133.77249145507812,137.0,154.0,133.77,122.46,131.33,174.48,Warning,Warning,20.48,86.7
2024-11-08 18:00:00,136.0602264404297,154.0,206.0,136.06,127.28,205.23,222.84,Critical,Critical,16.84,91.83
2024-11-08 19:00:00,185.82611083984375,206.0,253.0,185.83,151.89,170.84,220.43,Critical,Critical,32.57,87.13
2024-11-08 20:00:00,209.19949340820312,253.0,180.0,209.2,177.03,126.97,174.64,Warning,Warning,5.36,97.02
2024-11-08 21:00:00,184.22586059570312,180.0,40.0,184.23,193.08,27.01,33.03,Safe,Safe,6.97,82.57
2024-11-08 22:00:00,36.35585403442383,40.0,29.0,36.36,143.26,27.01,33.5,Safe,Safe,4.5,84.49
2024-11-08 23:00:00,33.05759048461914,29.0,32.0,33.06,84.55,26.99,39.16,Safe,Safe,7.16,77.62
2024-11-09 00:00:00,27.01401710510254,32.0,46.0,27.01,32.14,44.11,39.92,Safe,Safe,6.08,86.79
2024-11-09 01:00:00,35.64131164550781,46.0,38.0,35.64,31.9,32.69,38.35,Safe,Safe,0.35,99.09
2024-11-09 02:00:00,32.481868743896484,38.0,42.0,32.48,31.71,31.34,36.5,Safe,Safe,5.5,86.91
2024-11-09 03:00:00,35.38056564331055,42.0,46.0,35.38,34.5,26.44,44.33,Safe,Safe,1.67,96.38
2024-11-09 04:00:00,41.79304885864258,46.0,122.0,41.79,36.55,92.43,120.02,Warning,Warning,1.98,98.38
2024-11-09 05:00:00,110.36428833007812,122.0,119.0,110.36,62.51,89.85,125.85,Warning,Warning,6.85,94.24
2024-11-09 06:00:00,90.21966552734375,119.0,213.0,90.22,80.79,170.84,211.81,Critical,Critical,1.19,99.44
2024-11-09 07:00:00,211.74005126953125,213.0,235.0,211.74,137.44,185.28,275.65,Critical,Critical,40.65,82.7
2024-11-09 08:00:00,241.75717163085938,235.0,236.0,241.76,181.24,211.74,271.4,Critical,Critical,35.4,85.0
2024-11-09 09:00:00,220.2288818359375,236.0,184.0,220.23,224.58,175.76,215.34,Warning,Critical,31.34,82.97
2024-11-09 10:00:00,166.26516723632812,184.0,181.0,166.27,209.42,139.46,168.11,Warning,Warning,12.89,92.88
2024-11-09 11:00:00,165.27511596679688,181.0,170.0,165.28,183.92,131.33,160.21,Warning,Warning,9.79,94.24
2024-11-09 12:00:00,175.82594299316406,170.0,153.0,175.83,169.12,141.91,166.0,Warning,Warning,13.0,91.5
2024-11-09 13:00:00,139.461669921875,153.0,147.0,139.46,160.19,110.36,167.54,Warning,Warning,20.54,86.03
2024-11-09 14:00:00,123.46727752685547,147.0,170.0,123.47,146.25,121.59,163.73,Warning,Warning,6.27,96.31
2024-11-09 15:00:00,175.82594299316406,170.0,181.0,175.83,146.25,112.01,159.2,Warning,Warning,21.8,87.96
2024-11-09 16:00:00,165.27511596679688,181.0,156.0,165.28,154.86,133.77,165.21,Warning,Warning,9.21,94.1
2024-11-09 17:00:00,157.69326782226562,156.0,196.0,157.69,166.26,136.06,204.58,Warning,Critical,8.58,95.62
2024-11-09 18:00:00,183.43106079101562,196.0,297.0,183.43,168.8,185.83,263.32,Critical,Critical,33.68,88.66
2024-11-09 19:00:00,272.66339111328125,297.0,298.0,272.66,204.6,209.2,263.09,Critical,Critical,34.91,88.29
2024-11-09 20:00:00,260.96893310546875,298.0,240.0,260.97,239.02,184.23,205.7,Critical,Critical,34.3,85.71
2024-11-09 21:00:00,218.89285278320312,240.0,38.0,218.89,250.84,36.36,41.31,Safe,Safe,3.31,91.29
2024-11-09 22:00:00,37.19493865966797,38.0,35.0,37.19,172.35,33.06,40.13,Safe,Safe,5.13,85.36
2024-11-09 23:00:00,36.132415771484375,35.0,38.0,36.13,97.41,27.01,43.75,Safe,Safe,5.75,84.88
2024-11-10 00:00:00,32.481868743896484,38.0,37.0,32.48,35.27,35.64,43.19,Safe,Safe,6.19,83.28
2024-11-10 01:00:00,33.60997772216797,37.0,46.0,33.61,34.07,32.48,39.86,Safe,Safe,6.14,86.65
2024-11-10 02:00:00,41.79304885864258,46.0,34.0,41.79,35.96,35.38,36.64,Safe,Safe,2.64,92.24
2024-11-10 03:00:00,28.13072395324707,34.0,44.0,28.13,34.51,41.79,41.04,Safe,Safe,2.96,93.28
2024-11-10 04:00:00,46.93303680419922,44.0,137.0,46.93,38.95,110.36,117.74,Warning,Warning,19.26,85.94
2024-11-10 05:00:00,133.77249145507812,137.0,142.0,133.77,69.61,90.22,125.44,Warning,Warning,16.56,88.34
2024-11-10 06:00:00,134.47994995117188,142.0,217.0,134.48,105.06,211.74,219.58,Critical,Critical,2.58,98.81
2024-11-10 07:00:00,214.08404541015625,217.0,327.0,214.08,160.78,241.76,284.89,Critical,Critical,42.11,87.12
2024-11-10 08:00:00,348.35443115234375,327.0,240.0,348.35,232.31,220.23,286.24,Critical,Critical,46.24,80.73
2024-11-10 09:00:00,218.89285278320312,240.0,206.0,218.89,260.44,166.27,228.02,Critical,Critical,22.02,89.31
2024-11-10 10:00:00,185.82611083984375,206.0,139.0,185.83,251.02,165.28,173.93,Warning,Warning,34.93,74.87
2024-11-10 11:00:00,126.58786010742188,139.0,190.0,126.59,177.1,175.83,164.94,Warning,Warning,25.06,86.81
2024-11-10 12:00:00,177.6548309326172,190.0,183.0,177.65,163.36,139.46,171.74,Warning,Warning,11.26,93.84
2024-11-10 13:00:00,178.44155883789062,183.0,139.0,178.44,160.89,123.47,172.91,Warning,Warning,33.91,75.6
2024-11-10 14:00:00,126.58786010742188,139.0,138.0,126.59,160.89,175.83,167.69,Warning,Warning,29.69,78.49
2024-11-10 15:00:00,141.907958984375,138.0,156.0,141.91,148.98,165.28,161.65,Warning,Warning,5.65,96.38
2024-11-10 16:00:00,157.69326782226562,156.0,153.0,157.69,142.06,157.69,166.47,Warning,Warning,13.47,91.19
2024-11-10 17:00:00,139.461669921875,153.0,235.0,139.46,146.35,183.43,207.07,Critical,Critical,27.93,88.12
2024-11-10 18:00:00,241.75717163085938,235.0,236.0,241.76,179.64,272.66,274.93,Critical,Critical,38.93,83.5
2024-11-10 19:00:00,220.2288818359375,236.0,331.0,220.23,200.48,260.97,273.99,Critical,Critical,57.01,82.78
2024-11-10 20:00:00,244.23321533203125,331.0,213.0,244.23,235.41,218.89,212.93,Critical,Critical,0.07,99.97
2024-11-10 21:00:00,185.27688598632812,213.0,40.0,185.28,216.58,37.19,42.71,Safe,Safe,2.71,93.21
2024-11-10 22:00:00,37.62821960449219,40.0,36.0,37.63,155.71,36.13,38.57,Safe,Safe,2.57,92.85
2024-11-10 23:00:00,32.690948486328125,36.0,47.0,32.69,85.2,32.48,40.6,Safe,Safe,6.4,86.38
2024-11-11 00:00:00,46.99348068237305,47.0,31.0,46.99,39.1,33.61,39.44,Safe,Safe,8.44,72.78
2024-11-11 01:00:00,26.435131072998047,31.0,28.0,26.44,35.37,41.79,35.54,Safe,Safe,7.54,73.08
2024-11-11 02:00:00,25.73779296875,28.0,28.0,25.74,33.06,28.13,29.71,Safe,Safe,1.71,93.9
2024-11-11 03:00:00,24.444541931152344,28.0,34.0,24.44,25.54,46.93,29.46,Safe,Safe,4.54,86.64
2024-11-11 04:00:00,28.13072395324707,34.0,95.0,28.13,26.1,133.77,88.02,Safe,Safe,6.98,92.65
2024-11-11 05:00:00,84.02141571044922,95.0,96.0,84.02,45.53,134.48,82.69,Safe,Safe,13.31,86.13
2024-11-11 06:00:00,104.95982360839844,96.0,158.0,104.96,72.37,214.08,155.9,Warning,Warning,2.1,98.67
2024-11-11 07:00:00,140.42489624023438,158.0,217.0,140.42,109.8,348.35,208.18,Critical,Critical,8.82,95.93
2024-11-11 08:00:00,214.08404541015625,217.0,183.0,214.08,153.16,218.89,202.69,Warning,Critical,19.69,89.24
2024-11-11 09:00:00,178.44155883789062,183.0,162.0,178.44,177.65,185.83,156.74,Warning,Warning,5.26,96.75
2024-11-11 10:00:00,166.17947387695312,162.0,117.0,166.18,186.24,126.59,121.15,Warning,Warning,4.15,96.45
2024-11-11 11:00:00,108.9134292602539,117.0,122.0,108.91,151.18,177.65,116.52,Warning,Warning,5.48,95.51
2024-11-11 12:00:00,112.01220703125,122.0,131.0,112.01,129.04,178.44,121.59,Warning,Warning,9.41,92.82
2024-11-11 13:00:00,137.0221710205078,131.0,137.0,137.02,119.32,126.59,122.56,Warning,Warning,14.44,89.46
2024-11-11 14:00:00,143.87655639648438,137.0,117.0,143.88,130.97,141.91,119.02,Warning,Warning,2.02,98.27
2024-11-11 15:00:00,108.9134292602539,117.0,117.0,108.91,129.94,157.69,115.35,Warning,Warning,1.65,98.59
2024-11-11 16:00:00,108.9134292602539,117.0,131.0,108.91,120.57,139.46,120.96,Warning,Warning,10.04,92.34
2024-11-11 17:00:00,137.0221710205078,131.0,167.0,137.02,118.28,241.76,152.73,Warning,Warning,14.27,91.45
2024-11-11 18:00:00,175.7568817138672,167.0,200.0,175.76,140.56,220.23,196.72,Critical,Warning,3.28,98.36
2024-11-11 19:00:00,151.05458068847656,200.0,162.0,151.05,154.61,244.23,191.56,Warning,Warning,29.56,81.75
2024-11-11 20:00:00,166.17947387695312,162.0,139.0,166.18,164.33,185.28,158.09,Warning,Warning,19.09,86.26
2024-11-11 21:00:00,135.40118408203125,139.0,32.0,135.4,150.88,37.63,28.06,Safe,Safe,3.94,87.7
2024-11-11 22:00:00,27.01401710510254,32.0,33.0,27.01,109.53,32.69,25.89,Safe,Safe,7.11,78.47
2024-11-11 23:00:00,31.33649253845215,33.0,31.0,31.34,64.58,46.99,30.73,Safe,Safe,0.27,99.12
2024-11-12 00:00:00,26.435131072998047,31.0,29.0,26.44,28.26,26.44,30.55,Safe,Safe,1.55,94.67
2024-11-12 01:00:00,24.393386840820312,29.0,28.0,24.39,27.39,25.74,29.17,Safe,Safe,1.17,95.82
2024-11-12 02:00:00,25.73779296875,28.0,29.0,25.74,25.52,24.44,25.74,Safe,Safe,3.26,88.76
2024-11-12 03:00:00,33.05759048461914,29.0,31.0,33.06,27.73,28.13,30.71,Safe,Safe,0.29,99.06
2024-11-12 04:00:00,26.99037742614746,31.0,79.0,26.99,28.6,84.02,87.24,Safe,Safe,8.24,89.57
2024-11-12 05:00:00,74.31466674804688,79.0,92.0,74.31,44.79,104.96,84.17,Safe,Safe,7.83,91.49
2024-11-12 06:00:00,94.87705993652344,92.0,161.0,94.88,65.39,140.42,152.96,Warning,Warning,8.04,95.01
2024-11-12 07:00:00,153.97630310058594,161.0,217.0,153.98,107.72,214.08,200.94,Critical,Critical,16.06,92.6
2024-11-12 08:00:00,214.08404541015625,217.0,187.0,214.08,154.31,178.44,195.26,Warning,Warning,8.26,95.58
2024-11-12 09:00:00,160.5743865966797,187.0,164.0,160.57,176.21,166.18,151.8,Warning,Warning,12.2,92.56
2024-11-12 10:00:00,141.56678771972656,164.0,104.0,141.57,172.08,108.91,117.54,Warning,Warning,13.54,86.98
2024-11-12 11:00:00,82.13227844238281,104.0,104.0,82.13,128.09,112.01,112.79,Warning,Warning,8.79,91.54
2024-11-12 12:00:00,98.03958129882812,104.0,117.0,98.04,107.25,137.02,118.35,Warning,Warning,1.35,98.85
2024-11-12 13:00:00,108.9134292602539,117.0,101.0,108.91,96.36,143.88,120.23,Warning,Warning,19.23,80.96
2024-11-12 14:00:00,84.81858825683594,101.0,131.0,84.82,97.26,108.91,117.5,Warning,Warning,13.5,89.69
2024-11-12 15:00:00,108.31849670410156,131.0,129.0,108.32,100.68,108.91,114.31,Warning,Warning,14.69,88.61
2024-11-12 16:00:00,126.25714874267578,129.0,96.0,126.26,106.46,137.02,120.41,Safe,Warning,24.41,74.57
2024-11-12 17:00:00,104.85931396484375,96.0,162.0,104.86,113.14,175.76,151.27,Warning,Warning,10.73,93.38
2024-11-12 18:00:00,166.17947387695312,162.0,184.0,166.18,132.43,151.05,191.01,Warning,Warning,7.01,96.19
2024-11-12 19:00:00,166.26516723632812,184.0,195.0,166.27,145.77,166.18,185.66,Warning,Warning,9.34,95.21
2024-11-12 20:00:00,199.63153076171875,195.0,165.0,199.63,177.36,135.4,151.19,Warning,Warning,13.81,91.63
2024-11-12 21:00:00,168.86846923828125,165.0,29.0,168.87,178.26,27.01,27.89,Safe,Safe,1.11,96.16
2024-11-12 22:00:00,33.05759048461914,29.0,26.0,33.06,133.85,31.34,29.54,Safe,Safe,3.54,86.38
2024-11-12 23:00:00,20.51638412475586,26.0,24.0,20.52,74.15,26.44,33.15,Safe,Safe,9.15,61.87
2024-11-13 00:00:00,30.12920379638672,24.0,28.0,30.13,27.9,24.39,32.69,Safe,Safe,4.69,83.25
2024-11-13 01:00:00,26.61195182800293,28.0,31.0,26.61,25.75,25.74,31.75,Safe,Safe,0.75,97.57
2024-11-13 02:00:00,26.435131072998047,31.0,29.0,26.44,27.73,33.06,28.95,Safe,Safe,0.05,99.83
2024-11-13 03:00:00,24.393386840820312,29.0,24.0,24.39,25.81,26.99,31.23,Safe,Safe,7.23,69.89
2024-11-13 04:00:00,23.385623931884766,24.0,79.0,23.39,24.74,74.31,84.75,Safe,Safe,5.75,92.72
2024-11-13 05:00:00,69.55878448486328,79.0,101.0,69.56,39.11,94.88,82.73,Warning,Safe,18.27,81.92
2024-11-13 06:00:00,84.81858825683594,101.0,146.0,84.82,59.25,153.98,149.29,Warning,Warning,3.29,97.75
2024-11-13 07:00:00,141.8232421875,146.0,212.0,141.82,98.73,214.08,199.63,Critical,Warning,12.37,94.16
2024-11-13 08:00:00,205.57290649414062,212.0,211.0,205.57,144.07,160.57,195.69,Critical,Warning,15.31,92.74
2024-11-13 09:00:00,203.14913940429688,211.0,143.0,203.15,183.52,141.57,154.15,Warning,Warning,11.15,92.21
2024-11-13 10:00:00,132.68234252929688,143.0,98.0,132.68,180.47,82.13,119.52,Safe,Warning,21.52,78.04
2024-11-13 11:00:00,89.84654235839844,98.0,117.0,89.85,141.89,98.04,113.33,Warning,Warning,3.67,96.87
2024-11-13 12:00:00,108.9134292602539,117.0,113.0,108.91,110.48,108.91,118.6,Warning,Warning,5.6,95.05
2024-11-13 13:00:00,106.22918701171875,113.0,123.0,106.23,101.66,84.82,120.81,Warning,Warning,2.19,98.22
2024-11-13 14:00:00,126.96678161621094,123.0,131.0,126.97,114.04,108.32,118.36,Warning,Warning,12.64,90.35
2024-11-13 15:00:00,164.1561737060547,131.0,106.0,164.16,132.45,126.26,115.07,Warning,Warning,9.07,91.44
2024-11-13 16:00:00,106.92770385742188,106.0,119.0,106.93,132.68,104.86,120.3,Warning,Warning,1.3,98.91
2024-11-13 17:00:00,90.21966552734375,119.0,129.0,90.22,120.43,166.18,149.19,Warning,Warning,20.19,84.35
2024-11-13 18:00:00,126.25714874267578,129.0,167.0,126.26,107.8,166.27,186.89,Warning,Warning,19.89,88.09
2024-11-13 19:00:00,175.7568817138672,167.0,198.0,175.76,130.74,199.63,183.19,Warning,Warning,14.81,92.52
2024-11-13 20:00:00,172.90567016601562,198.0,163.0,172.91,158.31,168.87,148.73,Warning,Warning,14.27,91.24
2024-11-13 21:00:00,132.4625701904297,163.0,32.0,132.46,160.38,33.06,26.7,Safe,Safe,5.3,83.44
2024-11-13 22:00:00,27.01401710510254,32.0,24.0,27.01,110.79,20.52,25.33,Safe,Safe,1.33,94.45
2024-11-13 23:00:00,23.385623931884766,24.0,29.0,23.39,60.95,30.13,30.82,Safe,Safe,1.82,93.72
2024-11-14 00:00:00,33.05759048461914,29.0,29.0,33.06,27.82,26.61,31.89,Safe,Safe,2.89,90.02
2024-11-14 01:00:00,33.05759048461914,29.0,34.0,33.06,29.83,26.44,31.12,Safe,Safe,2.88,91.54
2024-11-14 02:00:00,28.13072395324707,34.0,29.0,28.13,31.42,24.39,28.14,Safe,Safe,0.86,97.03
2024-11-14 03:00:00,24.393386840820312,29.0,32.0,24.39,28.53,23.39,30.67,Safe,Safe,1.33,95.84
2024-11-14 04:00:00,27.01401710510254,32.0,73.0,27.01,26.51,69.56,85.02,Safe,Safe,12.02,83.53
2024-11-14 05:00:00,71.88473510742188,73.0,87.0,71.88,41.1,84.82,84.94,Safe,Safe,2.06,97.63
2024-11-14 06:00:00,100.40896606445312,87.0,166.0,100.41,66.44,141.82,156.41,Warning,Warning,9.59,94.22
2024-11-14 07:00:00,172.58273315429688,166.0,194.0,172.58,114.96,205.57,206.75,Warning,Critical,12.75,93.43
2024-11-14 08:00:00,188.18238830566406,194.0,206.0,188.18,153.72,203.15,200.59,Critical,Critical,5.41,97.38
2024-11-14 09:00:00,185.82611083984375,206.0,154.0,185.83,182.2,132.68,157.47,Warning,Warning,3.47,97.75
2024-11-14 10:00:00,136.0602264404297,154.0,133.0,136.06,170.02,89.85,123.42,Warning,Warning,9.58,92.8
2024-11-14 11:00:00,129.9104461669922,133.0,106.0,129.91,150.6,108.91,117.56,Warning,Warning,11.56,89.1
2024-11-14 12:00:00,107.29583740234375,106.0,127.0,107.3,124.42,106.23,122.44,Warning,Warning,4.56,96.41
2024-11-14 13:00:00,121.58740234375,127.0,113.0,121.59,119.6,126.97,124.31,Warning,Warning,11.31,90.0
2024-11-14 14:00:00,106.22918701171875,113.0,117.0,106.23,111.7,164.16,121.73,Warning,Warning,4.73,95.95
2024-11-14 15:00:00,108.9134292602539,117.0,110.0,108.91,112.24,106.93,118.29,Warning,Warning,8.29,92.46
2024-11-14 16:00:00,91.67859649658203,110.0,108.0,91.68,102.27,90.22,122.48,Warning,Warning,14.48,86.59
2024-11-14 17:00:00,106.47457885742188,108.0,172.0,106.47,102.36,126.26,149.73,Warning,Warning,22.27,87.05
2024-11-14 18:00:00,157.39450073242188,172.0,207.0,157.39,118.52,175.76,191.08,Critical,Warning,15.92,92.31
2024-11-14 19:00:00,180.0613555908203,207.0,211.0,180.06,147.98,172.91,191.67,Critical,Warning,19.33,90.84
2024-11-14 20:00:00,203.14913940429688,211.0,170.0,203.15,180.2,132.46,156.9,Warning,Warning,13.1,92.29
2024-11-14 21:00:00,175.82594299316406,170.0,29.0,175.83,186.35,27.01,29.69,Safe,Safe,0.69,97.62
2024-11-14 22:00:00,33.05759048461914,29.0,28.0,33.06,137.34,23.39,27.6,Safe,Safe,0.4,98.57
2024-11-14 23:00:00,25.73779296875,28.0,31.0,25.74,78.21,33.06,33.77,Safe,Safe,2.77,91.08
2024-11-15 00:00:00,26.435131072998047,31.0,32.0,26.44,28.41,33.06,34.9,Safe,Safe,2.9,90.95
2024-11-15 01:00:00,27.01401710510254,32.0,41.0,27.01,26.4,28.13,33.74,Safe,Safe,7.26,82.29
2024-11-15 02:00:00,45.00168228149414,41.0,35.0,45.0,32.82,24.39,32.11,Safe,Safe,2.89,91.74
2024-11-15 03:00:00,36.132415771484375,35.0,38.0,36.13,36.05,27.01,38.84,Safe,Safe,0.84,97.78
2024-11-15 04:00:00,37.19493865966797,38.0,101.0,37.19,39.44,71.88,104.27,Warning,Warning,3.27,96.76
2024-11-15 05:00:00,99.81552124023438,101.0,101.0,99.82,57.71,100.41,107.97,Warning,Warning,6.97,93.1
2024-11-15 06:00:00,84.81858825683594,101.0,157.0,84.82,73.94,172.58,186.1,Warning,Warning,29.1,81.47
2024-11-15 07:00:00,133.40965270996094,157.0,230.0,133.41,106.01,188.18,239.91,Critical,Critical,9.91,95.69
2024-11-15 08:00:00,205.50450134277344,230.0,230.0,205.5,141.24,185.83,231.46,Critical,Critical,1.46,99.36
2024-11-15 09:00:00,205.50450134277344,230.0,170.0,205.5,181.47,136.06,181.64,Warning,Warning,11.64,93.16
2024-11-15 10:00:00,175.82594299316406,170.0,129.0,175.83,195.61,129.91,142.95,Warning,Warning,13.95,89.18
2024-11-15 11:00:00,126.25714874267578,129.0,143.0,126.26,169.2,107.3,137.1,Warning,Warning,5.9,95.87
2024-11-15 12:00:00,132.68234252929688,143.0,131.0,132.68,144.92,121.59,142.34,Warning,Warning,11.34,91.35
2024-11-15 13:00:00,137.0221710205078,131.0,149.0,137.02,131.99,106.23,143.81,Warning,Warning,5.19,96.52
2024-11-15 14:00:00,131.3288116455078,149.0,122.0,131.33,133.68,108.91,140.58,Warning,Warning,18.58,84.77
2024-11-15 15:00:00,112.01220703125,122.0,143.0,112.01,126.79,91.68,136.85,Warning,Warning,6.15,95.7
2024-11-15 16:00:00,132.68234252929688,143.0,129.0,132.68,125.34,106.47,141.93,Warning,Warning,12.93,89.97
2024-11-15 17:00:00,126.25714874267578,129.0,180.0,126.26,123.65,157.39,174.8,Warning,Warning,5.2,97.11
2024-11-15 18:00:00,184.22586059570312,180.0,229.0,184.23,147.72,180.06,225.18,Critical,Critical,3.82,98.33
2024-11-15 19:00:00,196.75375366210938,229.0,229.0,196.75,169.08,203.15,223.88,Critical,Critical,5.12,97.77
2024-11-15 20:00:00,196.75375366210938,229.0,175.0,196.75,192.58,175.83,176.77,Warning,Warning,1.77,98.99
2024-11-15 21:00:00,162.2108612060547,175.0,35.0,162.21,185.24,33.06,33.36,Safe,Safe,1.64,95.31
2024-11-15 22:00:00,36.132415771484375,35.0,32.0,36.13,131.7,25.74,33.34,Safe,Safe,1.34,95.82
2024-11-15 23:00:00,27.01401710510254,32.0,34.0,27.01,75.12,26.44,38.92,Safe,Safe,4.92,85.53
2024-11-16 00:00:00,28.13072395324707,34.0,38.0,28.13,30.43,27.01,39.7,Safe,Safe,1.7,95.54
2024-11-16 01:00:00,32.481868743896484,38.0,44.0,32.48,29.21,45.0,38.03,Safe,Safe,5.97,86.44
2024-11-16 02:00:00,46.93303680419922,44.0,41.0,46.93,35.85,36.13,36.8,Safe,Safe,4.2,89.77
2024-11-16 03:00:00,45.00168228149414,41.0,44.0,45.0,41.47,37.19,46.81,Safe,Safe,2.81,93.62
2024-11-16 04:00:00,41.953487396240234,44.0,119.0,41.95,44.63,99.82,124.36,Warning,Warning,5.36,95.5
2024-11-16 05:00:00,90.21966552734375,119.0,117.0,90.22,59.06,84.82,128.47,Warning,Warning,11.47,90.2
2024-11-16 06:00:00,108.9134292602539,117.0,198.0,108.91,80.36,133.41,215.01,Warning,Critical,17.01,91.41
2024-11-16 07:00:00,172.90567016601562,198.0,240.0,172.91,124.01,205.5,276.67,Critical,Critical,36.67,84.72
2024-11-16 08:00:00,218.89285278320312,240.0,265.0,218.89,166.9,205.5,270.36,Critical,Critical,5.36,97.98
2024-11-16 09:00:00,231.68218994140625,265.0,240.0,231.68,207.83,175.83,213.46,Critical,Critical,26.54,88.94
2024-11-16 10:00:00,218.89285278320312,240.0,176.0,218.89,223.16,126.26,166.91,Warning,Warning,9.09,94.84
2024-11-16 11:00:00,156.68194580078125,176.0,159.0,156.68,202.42,132.68,160.0,Warning,Warning,1.0,99.37
2024-11-16 12:00:00,142.24688720703125,159.0,147.0,142.25,172.61,137.02,166.11,Warning,Warning,19.11,87.0
2024-11-16 13:00:00,123.46727752685547,147.0,180.0,123.47,140.8,131.33,167.57,Warning,Warning,12.43,93.1
2024-11-16 14:00:00,184.22586059570312,180.0,142.0,184.23,149.98,112.01,163.42,Warning,Warning,21.42,84.92
2024-11-16 15:00:00,134.96624755859375,142.0,159.0,134.97,147.55,132.68,159.07,Warning,Warning,0.07,99.96
2024-11-16 16:00:00,142.24688720703125,159.0,180.0,142.25,153.81,126.26,164.93,Warning,Warning,15.07,91.63
2024-11-16 17:00:00,152.9251708984375,180.0,200.0,152.93,143.38,184.23,203.3,Critical,Critical,3.3,98.35
2024-11-16 18:00:00,151.05458068847656,200.0,226.0,151.05,148.74,196.75,259.48,Critical,Critical,33.48,85.19
2024-11-16 19:00:00,234.33041381835938,226.0,236.0,234.33,179.44,196.75,255.95,Critical,Critical,19.95,91.55
2024-11-16 20:00:00,220.2288818359375,236.0,216.0,220.23,201.87,162.21,199.26,Critical,Warning,16.74,92.25
2024-11-16 21:00:00,210.86807250976562,216.0,37.0,210.87,221.81,36.13,39.14,Safe,Safe,2.14,94.21
2024-11-16 22:00:00,33.60997772216797,37.0,43.0,33.61,154.9,27.01,38.44,Safe,Safe,4.56,89.4
2024-11-16 23:00:00,36.76141357421875,43.0,38.0,36.76,93.75,28.13,42.79,Safe,Safe,4.79,87.4
2024-11-17 00:00:00,32.481868743896484,38.0,41.0,32.48,34.28,32.48,42.67,Safe,Safe,1.67,95.94
2024-11-17 01:00:00,45.00168228149414,41.0,37.0,45.0,38.08,46.93,39.93,Safe,Safe,2.93,92.09
2024-11-17 02:00:00,33.60997772216797,37.0,46.0,33.61,37.03,45.0,36.74,Safe,Safe,9.26,79.87
2024-11-17 03:00:00,35.64131164550781,46.0,38.0,35.64,38.08,41.95,42.97,Safe,Safe,4.97,86.91
2024-11-17 04:00:00,32.481868743896484,38.0,131.0,32.48,33.91,90.22,118.39,Warning,Warning,12.61,90.38
2024-11-17 05:00:00,164.1561737060547,131.0,121.0,164.16,77.43,108.91,129.46,Warning,Warning,8.46,93.01
2024-11-17 06:00:00,118.21829223632812,121.0,184.0,118.22,104.95,172.91,225.31,Warning,Critical,41.31,77.55
2024-11-17 07:00:00,166.26516723632812,184.0,265.0,166.27,149.55,218.89,285.61,Critical,Critical,20.61,92.22
2024-11-17 08:00:00,231.68218994140625,265.0,265.0,231.68,172.06,231.68,278.0,Critical,Critical,13.0,95.1
2024-11-17 09:00:00,231.68218994140625,265.0,213.0,231.68,209.88,218.89,217.15,Critical,Critical,4.15,98.05
2024-11-17 10:00:00,185.27688598632812,213.0,177.0,185.28,216.21,156.68,167.16,Warning,Warning,9.84,94.44
2024-11-17 11:00:00,187.3140106201172,177.0,183.0,187.31,201.42,142.25,160.74,Warning,Warning,22.26,87.84
2024-11-17 12:00:00,178.44155883789062,183.0,176.0,178.44,183.68,123.47,168.04,Warning,Warning,7.96,95.48
2024-11-17 13:00:00,156.68194580078125,176.0,166.0,156.68,174.15,184.23,169.5,Warning,Warning,3.5,97.89
2024-11-17 14:00:00,158.65402221679688,166.0,164.0,158.65,164.59,134.97,164.84,Warning,Warning,0.84,99.49
2024-11-17 15:00:00,141.56678771972656,164.0,167.0,141.57,152.3,142.25,159.56,Warning,Warning,7.44,95.55
2024-11-17 16:00:00,155.37429809570312,167.0,149.0,155.37,151.87,152.93,165.4,Warning,Warning,16.4,88.99
2024-11-17 17:00:00,130.8369598388672,149.0,227.0,130.84,142.59,151.05,206.8,Critical,Critical,20.2,91.1
2024-11-17 18:00:00,202.517333984375,227.0,300.0,202.52,162.91,234.33,270.52,Critical,Critical,29.48,90.17
2024-11-17 19:00:00,254.5372314453125,300.0,236.0,254.54,195.96,220.23,268.53,Critical,Critical,32.53,86.22
2024-11-17 20:00:00,220.2288818359375,236.0,240.0,220.23,225.76,210.87,208.02,Critical,Critical,31.98,86.67
2024-11-17 21:00:00,218.89285278320312,240.0,45.0,218.89,231.22,33.61,41.29,Safe,Safe,3.71,91.75
2024-11-17 22:00:00,48.282501220703125,45.0,38.0,48.28,162.47,36.76,39.39,Safe,Safe,1.39,96.33
2024-11-17 23:00:00,44.10675811767578,38.0,45.0,44.11,103.76,32.48,41.63,Safe,Safe,3.37,92.51
2024-11-18 00:00:00,48.282501220703125,45.0,24.0,48.28,46.89,45.0,40.45,Safe,Safe,16.45,31.44
2024-11-18 01:00:00,23.385623931884766,24.0,28.0,23.39,38.59,33.61,36.39,Safe,Safe,8.39,70.04
2024-11-18 02:00:00,25.73779296875,28.0,28.0,25.74,32.47,35.64,30.59,Safe,Safe,2.59,90.75
2024-11-18 03:00:00,24.444541931152344,28.0,29.0,24.44,24.52,32.48,30.3,Safe,Safe,1.3,95.51
2024-11-18 04:00:00,33.05759048461914,29.0,82.0,33.06,27.75,164.16,89.93,Safe,Safe,7.93,90.33
2024-11-18 05:00:00,68.89469909667969,82.0,101.0,68.89,42.13,118.22,83.18,Warning,Safe,17.82,82.35
2024-11-18 06:00:00,84.81858825683594,101.0,139.0,84.82,62.26,166.27,153.56,Warning,Warning,14.56,89.52
2024-11-18 07:00:00,135.40118408203125,139.0,181.0,135.4,96.37,231.68,205.39,Warning,Critical,24.39,86.52
2024-11-18 08:00:00,165.27511596679688,181.0,200.0,165.28,128.5,231.68,199.32,Critical,Warning,0.68,99.66
2024-11-18 09:00:00,178.27688598632812,200.0,131.0,178.28,159.65,185.28,153.93,Warning,Warning,22.93,82.5
2024-11-18 10:00:00,108.31849670410156,131.0,129.0,108.32,150.62,187.31,119.74,Warning,Warning,9.26,92.82
2024-11-18 11:00:00,126.25714874267578,129.0,113.0,126.26,137.62,178.44,114.61,Warning,Warning,1.61,98.58
2024-11-18 12:00:00,106.22918701171875,113.0,131.0,106.23,113.6,156.68,118.84,Warning,Warning,12.16,90.72
2024-11-18 13:00:00,137.0221710205078,131.0,122.0,137.02,123.17,158.65,119.48,Warning,Warning,2.52,97.93
2024-11-18 14:00:00,110.36428833007812,122.0,104.0,110.36,117.87,141.57,116.08,Warning,Warning,12.08,88.38
2024-11-18 15:00:00,82.13227844238281,104.0,101.0,82.13,109.84,155.37,112.57,Warning,Warning,11.57,88.55
2024-11-18 16:00:00,99.81552124023438,101.0,101.0,99.82,97.44,130.84,117.7,Warning,Warning,16.7,83.47
2024-11-18 17:00:00,84.81858825683594,101.0,167.0,84.82,88.92,202.52,145.64,Warning,Warning,21.36,87.21
2024-11-18 18:00:00,155.37429809570312,167.0,195.0,155.37,113.34,254.54,182.82,Warning,Warning,12.18,93.75
2024-11-18 19:00:00,199.63153076171875,195.0,180.0,199.63,146.61,220.23,180.84,Warning,Warning,0.84,99.53
2024-11-18 20:00:00,152.9251708984375,180.0,137.0,152.93,169.31,218.89,152.04,Warning,Warning,15.04,89.02
2024-11-18 21:00:00,143.87655639648438,137.0,34.0,143.88,165.48,48.28,27.48,Safe,Safe,6.52,80.83
2024-11-18 22:00:00,28.13072395324707,34.0,28.0,28.13,108.31,44.11,24.38,Safe,Safe,3.62,87.08
2024-11-18 23:00:00,25.73779296875,28.0,31.0,25.74,65.92,48.28,29.71,Safe,Safe,1.29,95.84
2024-11-19 00:00:00,26.99037742614746,31.0,31.0,26.99,26.95,23.39,29.89,Safe,Safe,1.11,96.43
2024-11-19 01:00:00,26.435131072998047,31.0,24.0,26.44,26.39,25.74,28.9,Safe,Safe,4.9,79.59
2024-11-19 02:00:00,23.385623931884766,24.0,28.0,23.39,25.6,24.44,25.58,Safe,Safe,2.42,91.35
2024-11-19 03:00:00,25.73779296875,28.0,28.0,25.74,25.19,33.06,29.5,Safe,Safe,1.5,94.63
2024-11-19 04:00:00,26.61195182800293,28.0,80.0,26.61,25.25,68.89,84.67,Safe,Safe,4.67,94.16
2024-11-19 05:00:00,82.4108657836914,80.0,96.0,82.41,44.92,84.82,82.79,Safe,Safe,13.21,86.24
2024-11-19 06:00:00,104.85931396484375,96.0,163.0,104.86,71.29,135.4,152.55,Warning,Warning,10.45,93.59
2024-11-19 07:00:00,132.4625701904297,163.0,216.0,132.46,106.58,165.28,200.94,Critical,Critical,15.06,93.03
2024-11-19 08:00:00,210.86807250976562,216.0,196.0,210.87,149.4,178.28,195.16,Warning,Warning,0.83,99.57
2024-11-19 09:00:00,155.17245483398438,196.0,142.0,155.17,166.17,108.32,151.85,Warning,Warning,9.85,93.06
2024-11-19 10:00:00,134.96624755859375,142.0,127.0,134.97,167.0,126.26,117.47,Warning,Warning,9.53,92.5
2024-11-19 11:00:00,121.58740234375,127.0,119.0,121.59,137.24,106.23,112.55,Warning,Warning,6.45,94.58
2024-11-19 12:00:00,90.21966552734375,119.0,105.0,90.22,115.59,137.02,118.09,Warning,Warning,13.09,87.53
2024-11-19 13:00:00,86.20878601074219,105.0,117.0,86.21,99.34,110.36,120.03,Warning,Warning,3.03,97.41
2024-11-19 14:00:00,108.9134292602539,117.0,122.0,108.91,95.11,82.13,117.36,Warning,Warning,4.64,96.2
2024-11-19 15:00:00,110.36428833007812,122.0,127.0,110.36,101.83,99.82,114.27,Warning,Warning,12.73,89.97
2024-11-19 16:00:00,121.58740234375,127.0,106.0,121.59,113.62,84.82,120.47,Warning,Warning,14.47,86.35
2024-11-19 17:00:00,97.4884033203125,106.0,166.0,97.49,109.81,155.37,151.02,Warning,Warning,14.98,90.98
2024-11-19 18:00:00,172.58273315429688,166.0,177.0,172.58,130.55,199.63,190.56,Warning,Warning,13.56,92.34
2024-11-19 19:00:00,175.53759765625,177.0,229.0,175.54,148.54,152.93,185.9,Critical,Warning,43.1,81.18
2024-11-19 20:00:00,196.75375366210938,229.0,137.0,196.75,181.62,143.88,151.34,Warning,Warning,14.34,89.53
2024-11-19 21:00:00,143.87655639648438,137.0,33.0,143.88,172.06,28.13,27.51,Safe,Safe,5.49,83.36
2024-11-19 22:00:00,32.60944366455078,33.0,24.0,32.61,124.41,25.74,28.71,Safe,Safe,4.71,80.37
2024-11-19 23:00:00,23.385623931884766,24.0,29.0,23.39,66.62,26.99,32.55,Safe,Safe,3.55,87.76
2024-11-20 00:00:00,33.05759048461914,29.0,28.0,33.06,29.68,26.44,32.4,Safe,Safe,4.4,84.29
2024-11-20 01:00:00,26.61195182800293,28.0,32.0,26.61,27.69,23.39,31.61,Safe,Safe,0.39,98.77
2024-11-20 02:00:00,27.01401710510254,32.0,32.0,27.01,28.89,25.74,28.92,Safe,Safe,3.08,90.38
2024-11-20 03:00:00,27.01401710510254,32.0,26.0,27.01,26.88,26.61,31.85,Safe,Safe,5.85,77.51
2024-11-20 04:00:00,20.51638412475586,26.0,101.0,20.52,24.85,82.41,85.51,Warning,Safe,15.49,84.66
2024-11-20 05:00:00,84.81858825683594,101.0,73.0,84.82,44.12,104.86,84.93,Safe,Safe,11.93,83.65
2024-11-20 06:00:00,71.88473510742188,73.0,138.0,71.88,59.07,132.46,151.7,Warning,Warning,13.7,90.07
2024-11-20 07:00:00,141.907958984375,138.0,206.0,141.91,99.54,210.87,200.96,Critical,Critical,5.04,97.55
2024-11-20 08:00:00,185.82611083984375,206.0,207.0,185.83,133.21,155.17,195.98,Critical,Warning,11.02,94.68
2024-11-20 09:00:00,180.0613555908203,207.0,142.0,180.06,169.27,134.97,153.78,Warning,Warning,11.78,91.7
2024-11-20 10:00:00,134.47994995117188,142.0,120.0,134.48,166.79,121.59,119.31,Warning,Warning,0.69,99.42
2024-11-20 11:00:00,95.20822143554688,120.0,110.0,95.21,136.58,90.22,113.3,Warning,Warning,3.3,97.0
2024-11-20 12:00:00,98.1741943359375,110.0,121.0,98.17,109.29,86.21,118.47,Warning,Warning,2.53,97.91
2024-11-20 13:00:00,118.21829223632812,121.0,123.0,118.22,103.87,108.91,120.61,Warning,Warning,2.39,98.06
2024-11-20 14:00:00,126.96678161621094,123.0,137.0,126.97,114.45,110.36,118.17,Warning,Warning,18.83,86.26
2024-11-20 15:00:00,143.87655639648438,137.0,117.0,143.88,129.69,121.59,114.92,Warning,Warning,2.08,98.23
2024-11-20 16:00:00,104.4687728881836,117.0,122.0,104.47,125.1,97.49,120.06,Warning,Warning,1.94,98.41
2024-11-20 17:00:00,112.01220703125,122.0,149.0,112.01,120.12,172.58,149.01,Warning,Warning,0.01,99.99
2024-11-20 18:00:00,131.3288116455078,149.0,229.0,131.33,115.94,175.54,187.12,Critical,Warning,41.88,81.71
2024-11-20 19:00:00,196.75375366210938,229.0,172.0,196.75,146.7,196.75,184.1,Warning,Warning,12.1,92.97
2024-11-20 20:00:00,157.39450073242188,172.0,174.0,157.39,161.83,143.88,149.21,Warning,Warning,24.79,85.75
2024-11-20 21:00:00,163.41355895996094,174.0,24.0,163.41,172.52,32.61,26.76,Safe,Safe,2.76,88.52
2024-11-20 22:00:00,23.385623931884766,24.0,32.0,23.39,114.73,23.39,26.02,Safe,Safe,5.98,81.3
2024-11-20 23:00:00,27.01401710510254,32.0,24.0,27.01,71.27,33.06,31.44,Safe,Safe,7.44,69.0
2024-11-21 00:00:00,30.12920379638672,24.0,32.0,30.13,26.84,26.61,32.35,Safe,Safe,0.35,98.91
2024-11-21 01:00:00,27.01401710510254,32.0,24.0,27.01,28.05,27.01,31.3,Safe,Safe,7.3,69.57
2024-11-21 02:00:00,23.385623931884766,24.0,33.0,23.39,26.84,27.01,27.87,Safe,Safe,5.13,84.45
2024-11-21 03:00:00,32.60944366455078,33.0,32.0,32.61,27.67,20.52,30.31,Safe,Safe,1.69,94.73
2024-11-21 04:00:00,27.01401710510254,32.0,79.0,27.01,27.67,84.82,84.92,Safe,Safe,5.92,92.5
2024-11-21 05:00:00,81.81297302246094,79.0,92.0,81.81,47.15,71.88,85.28,Safe,Safe,6.72,92.69
2024-11-21 06:00:00,94.6312026977539,92.0,156.0,94.63,67.82,141.91,156.99,Warning,Warning,0.99,99.37
2024-11-21 07:00:00,157.69326782226562,156.0,187.0,157.69,111.38,185.83,207.06,Warning,Critical,20.06,89.27
2024-11-21 08:00:00,160.5743865966797,187.0,180.0,160.57,137.63,180.06,200.6,Warning,Critical,20.6,88.55
2024-11-21 09:00:00,184.22586059570312,180.0,161.0,184.23,167.5,134.48,157.34,Warning,Warning,3.66,97.72
2024-11-21 10:00:00,153.97630310058594,161.0,127.0,153.98,166.26,95.21,123.43,Warning,Warning,3.57,97.19
2024-11-21 11:00:00,121.58740234375,127.0,110.0,121.59,153.26,98.17,117.59,Warning,Warning,7.59,93.1
2024-11-21 12:00:00,91.67859649658203,110.0,123.0,91.68,122.41,118.22,122.39,Warning,Warning,0.61,99.51
2024-11-21 13:00:00,126.96678161621094,123.0,110.0,126.97,113.41,126.97,124.2,Warning,Warning,14.2,87.09
2024-11-21 14:00:00,98.1741943359375,110.0,101.0,98.17,105.61,143.88,121.66,Warning,Warning,20.66,79.55
2024-11-21 15:00:00,84.81858825683594,101.0,122.0,84.82,103.32,104.47,118.31,Warning,Warning,3.69,96.98
2024-11-21 16:00:00,112.01220703125,122.0,104.0,112.01,98.33,112.01,122.46,Warning,Warning,18.46,82.25
2024-11-21 17:00:00,82.13227844238281,104.0,139.0,82.13,92.99,131.33,149.27,Warning,Warning,10.27,92.61
2024-11-21 18:00:00,135.40118408203125,139.0,187.0,135.4,109.85,196.75,189.07,Warning,Warning,2.07,98.89
2024-11-21 19:00:00,169.0521240234375,187.0,176.0,169.05,128.86,157.39,189.34,Warning,Warning,13.34,92.42
2024-11-21 20:00:00,195.02130126953125,176.0,133.0,195.02,166.49,163.41,155.41,Warning,Warning,22.41,83.15
2024-11-21 21:00:00,129.9104461669922,133.0,31.0,129.91,164.66,23.39,29.96,Safe,Safe,1.04,96.64
2024-11-21 22:00:00,26.99037742614746,31.0,29.0,26.99,117.31,27.01,26.41,Safe,Safe,2.59,91.08
2024-11-21 23:00:00,24.393386840820312,29.0,32.0,24.39,60.43,30.13,32.66,Safe,Safe,0.66,97.93
2024-11-22 00:00:00,27.01401710510254,32.0,37.0,27.01,26.13,27.01,34.01,Safe,Safe,2.99,91.91
2024-11-22 01:00:00,33.60997772216797,37.0,36.0,33.61,28.34,23.39,33.07,Safe,Safe,2.93,91.85
2024-11-22 02:00:00,32.690948486328125,36.0,32.0,32.69,31.1,32.61,30.93,Safe,Safe,1.07,96.65
2024-11-22 03:00:00,27.01401710510254,32.0,37.0,27.01,31.1,27.01,36.54,Safe,Safe,0.46,98.75
2024-11-22 04:00:00,33.60997772216797,37.0,95.0,33.61,31.1,81.81,100.08,Safe,Warning,5.08,94.65
2024-11-22 05:00:00,89.37724304199219,95.0,96.0,89.38,50.0,94.63,104.14,Safe,Warning,8.14,91.52
2024-11-22 06:00:00,104.85931396484375,96.0,200.0,104.86,75.95,157.69,182.16,Critical,Warning,17.84,91.08
2024-11-22 07:00:00,178.27688598632812,200.0,251.0,178.28,124.17,160.57,238.22,Critical,Critical,12.78,94.91
2024-11-22 08:00:00,226.57882690429688,251.0,248.0,226.58,169.91,184.23,231.67,Critical,Critical,16.33,93.41
2024-11-22 09:00:00,234.55096435546875,248.0,157.0,234.55,213.14,153.98,182.27,Warning,Warning,25.27,83.9
2024-11-22 10:00:00,133.40965270996094,157.0,131.0,133.41,198.18,121.59,143.28,Warning,Warning,12.28,90.62
2024-11-22 11:00:00,164.1561737060547,131.0,139.0,164.16,177.37,91.68,136.85,Warning,Warning,2.15,98.45
2024-11-22 12:00:00,135.40118408203125,139.0,263.0,135.4,144.32,126.97,142.28,Critical,Warning,120.72,54.1
2024-11-22 13:00:00,222.06903076171875,263.0,139.0,222.07,173.88,98.17,143.64,Warning,Warning,4.64,96.66
2024-11-22 14:00:00,135.40118408203125,139.0,120.0,135.4,164.29,84.82,140.53,Warning,Warning,20.53,82.89
2024-11-22 15:00:00,95.20822143554688,120.0,127.0,95.21,150.89,112.01,136.97,Warning,Warning,9.97,92.15
2024-11-22 16:00:00,121.58740234375,127.0,143.0,121.59,117.4,82.13,142.19,Warning,Warning,0.81,99.44
2024-11-22 17:00:00,132.68234252929688,143.0,187.0,132.68,116.49,135.4,175.41,Warning,Warning,11.59,93.8
2024-11-22 18:00:00,169.0521240234375,187.0,429.0,169.05,141.11,169.05,225.85,Critical,Critical,203.15,52.64
2024-11-22 19:00:00,340.3336486816406,429.0,195.0,340.33,214.02,195.02,230.68,Warning,Critical,35.68,81.7
2024-11-22 20:00:00,188.08258056640625,195.0,229.0,188.08,232.49,129.91,182.92,Critical,Warning,46.08,79.88
2024-11-22 21:00:00,196.75375366210938,229.0,29.0,196.75,241.72,26.99,35.21,Safe,Safe,6.21,78.6
2024-11-22 22:00:00,33.05759048461914,29.0,35.0,33.06,139.3,24.39,35.31,Safe,Safe,0.31,99.11
2024-11-22 23:00:00,36.132415771484375,35.0,32.0,36.13,88.65,27.01,40.33,Safe,Safe,8.33,73.97
2024-11-23 00:00:00,27.01401710510254,32.0,41.0,27.01,32.07,33.61,40.66,Safe,Safe,0.34,99.16
2024-11-23 01:00:00,30.87221908569336,41.0,43.0,30.87,31.34,32.69,38.79,Safe,Safe,4.21,90.22
2024-11-23 02:00:00,36.76141357421875,43.0,46.0,36.76,31.55,27.01,36.99,Safe,Safe,9.01,80.41
2024-11-23 03:00:00,41.79304885864258,46.0,46.0,41.79,36.48,33.61,44.83,Safe,Safe,1.17,97.45
2024-11-23 04:00:00,35.64131164550781,46.0,113.0,35.64,38.07,89.38,120.77,Warning,Warning,7.77,93.12
2024-11-23 05:00:00,106.22918701171875,113.0,105.0,106.23,61.22,104.86,126.15,Warning,Warning,21.15,79.86
2024-11-23 06:00:00,86.20878601074219,105.0,206.0,86.21,76.03,178.28,211.0,Critical,Critical,5.0,97.57
2024-11-23 07:00:00,185.82611083984375,206.0,300.0,185.83,126.09,226.58,274.46,Critical,Critical,25.54,91.49
2024-11-23 08:00:00,254.5372314453125,300.0,235.0,254.54,175.52,234.55,270.1,Critical,Critical,35.1,85.06
2024-11-23 09:00:00,241.75717163085938,235.0,200.0,241.76,227.37,133.41,214.35,Critical,Critical,14.35,92.83
2024-11-23 10:00:00,178.27688598632812,200.0,149.0,178.28,224.86,164.16,167.58,Warning,Warning,18.58,87.53
2024-11-23 11:00:00,130.8369598388672,149.0,153.0,130.84,183.62,135.4,160.21,Warning,Warning,7.21,95.29
2024-11-23 12:00:00,139.461669921875,153.0,174.0,139.46,149.53,222.07,166.14,Warning,Warning,7.86,95.48
2024-11-23 13:00:00,163.41355895996094,174.0,170.0,163.41,144.57,135.4,167.37,Warning,Warning,2.63,98.45
2024-11-23 14:00:00,175.82594299316406,170.0,164.0,175.83,159.57,95.21,163.32,Warning,Warning,0.68,99.59
2024-11-23 15:00:00,163.82643127441406,164.0,183.0,163.83,167.69,121.59,159.01,Warning,Warning,23.99,86.89
2024-11-23 16:00:00,178.44155883789062,183.0,142.0,178.44,172.7,132.68,165.46,Warning,Warning,23.46,83.48
2024-11-23 17:00:00,134.96624755859375,142.0,187.0,134.97,159.08,169.05,205.11,Warning,Critical,18.11,90.32
2024-11-23 18:00:00,160.5743865966797,187.0,252.0,160.57,157.99,340.33,262.35,Critical,Critical,10.35,95.89
2024-11-23 19:00:00,249.75723266601562,252.0,265.0,249.76,181.77,188.08,259.33,Critical,Critical,5.67,97.86
2024-11-23 20:00:00,245.60165405273438,265.0,213.0,245.6,218.64,196.75,201.83,Critical,Critical,11.17,94.76
2024-11-23 21:00:00,211.74005126953125,213.0,36.0,211.74,235.7,33.06,39.74,Safe,Safe,3.74,89.61
2024-11-23 22:00:00,32.690948486328125,36.0,46.0,32.69,163.34,36.13,39.22,Safe,Safe,6.78,85.27
2024-11-23 23:00:00,35.64131164550781,46.0,38.0,35.64,93.36,27.01,43.17,Safe,Safe,5.17,86.39
2024-11-24 00:00:00,32.481868743896484,38.0,40.0,32.48,33.6,30.87,42.85,Safe,Safe,2.85,92.88
2024-11-24 01:00:00,36.35585403442383,40.0,41.0,36.36,34.83,36.76,39.71,Safe,Safe,1.29,96.85
2024-11-24 02:00:00,30.87221908569336,41.0,45.0,30.87,33.24,41.79,35.9,Safe,Safe,9.1,79.77
2024-11-24 03:00:00,48.282501220703125,45.0,44.0,48.28,38.5,35.64,42.54,Safe,Safe,1.46,96.68
2024-11-24 04:00:00,46.93303680419922,44.0,139.0,46.93,42.03,106.23,121.64,Warning,Warning,17.36,87.51
2024-11-24 05:00:00,135.40118408203125,139.0,113.0,135.4,76.87,86.21,130.86,Warning,Warning,17.86,84.2
2024-11-24 06:00:00,106.22918701171875,113.0,227.0,106.23,96.19,185.83,223.4,Critical,Critical,3.6,98.41
2024-11-24 07:00:00,202.517333984375,227.0,298.0,202.52,148.05,254.54,284.86,Critical,Critical,13.14,95.59
2024-11-24 08:00:00,260.96893310546875,298.0,265.0,260.97,189.91,241.76,279.25,Critical,Critical,14.25,94.62
2024-11-24 09:00:00,231.68218994140625,265.0,200.0,231.68,231.72,178.28,219.1,Critical,Critical,19.1,90.45
2024-11-24 10:00:00,178.27688598632812,200.0,190.0,178.28,223.64,130.84,168.49,Warning,Warning,21.51,88.68
2024-11-24 11:00:00,177.6548309326172,190.0,143.0,177.65,195.87,139.46,161.77,Warning,Warning,18.77,86.88
2024-11-24 12:00:00,136.8455047607422,143.0,159.0,136.85,164.26,163.41,168.94,Warning,Warning,9.94,93.75
2024-11-24 13:00:00,158.07847595214844,159.0,180.0,158.08,157.53,175.83,170.05,Warning,Warning,9.95,94.47
2024-11-24 14:00:00,152.9251708984375,180.0,181.0,152.93,149.28,163.83,165.05,Warning,Warning,15.95,91.19
2024-11-24 15:00:00,165.27511596679688,181.0,187.0,165.28,158.76,178.44,159.55,Warning,Warning,27.45,85.32
2024-11-24 16:00:00,169.0521240234375,187.0,184.0,169.05,162.42,134.97,165.56,Warning,Warning,18.44,89.98
2024-11-24 17:00:00,170.83880615234375,184.0,177.0,170.84,168.39,160.57,209.44,Warning,Critical,32.44,81.67
2024-11-24 18:00:00,187.3140106201172,177.0,284.0,187.31,175.73,249.76,275.02,Critical,Critical,8.98,96.84
2024-11-24 19:00:00,269.8936767578125,284.0,263.0,269.89,209.35,245.6,274.37,Critical,Critical,11.37,95.68
2024-11-24 20:00:00,222.06903076171875,263.0,216.0,222.07,226.43,211.74,211.61,Critical,Critical,4.39,97.97
2024-11-24 21:00:00,210.86807250976562,216.0,38.0,210.87,234.28,32.69,41.99,Safe,Safe,3.99,89.51
2024-11-24 22:00:00,32.481868743896484,38.0,45.0,32.48,155.14,35.64,39.25,Safe,Safe,5.75,87.21
2024-11-24 23:00:00,48.282501220703125,45.0,41.0,48.28,97.21,32.48,41.33,Safe,Safe,0.33,99.19
2024-11-25 00:00:00,36.502716064453125,41.0,33.0,36.5,39.09,36.36,39.78,Safe,Safe,6.78,79.44
2024-11-25 01:00:00,32.60944366455078,33.0,28.0,32.61,39.13,30.87,35.98,Safe,Safe,7.98,71.51
2024-11-25 02:00:00,26.61195182800293,28.0,28.0,26.61,31.91,48.28,30.4,Safe,Safe,2.4,91.44
2024-11-25 03:00:00,26.61195182800293,28.0,28.0,26.61,28.61,46.93,30.77,Safe,Safe,2.77,90.12
2024-11-25 04:00:00,26.61195182800293,28.0,73.0,26.61,26.61,135.4,89.84,Safe,Safe,16.84,76.93
2024-11-25 05:00:00,65.75308990478516,73.0,92.0,65.75,39.66,106.23,82.38,Safe,Safe,9.62,89.54
2024-11-25 06:00:00,94.87705993652344,92.0,142.0,94.88,62.41,202.52,153.36,Warning,Warning,11.36,92.0
2024-11-25 07:00:00,134.96624755859375,142.0,204.0,134.97,98.53,260.97,205.39,Critical,Critical,1.39,99.32
2024-11-25 08:00:00,209.92034912109375,204.0,172.0,209.92,146.59,231.68,199.75,Warning,Warning,27.75,83.87
2024-11-25 09:00:00,157.39450073242188,172.0,138.0,157.39,167.43,178.28,154.73,Warning,Warning,16.73,87.87
2024-11-25 10:00:00,141.907958984375,138.0,121.0,141.91,169.74,177.65,120.1,Warning,Warning,0.9,99.25
2024-11-25 11:00:00,118.21829223632812,121.0,110.0,118.22,139.17,136.85,115.2,Warning,Warning,5.2,95.27
2024-11-25 12:00:00,98.1741943359375,110.0,104.0,98.17,119.43,158.08,119.73,Warning,Warning,15.73,84.87
2024-11-25 13:00:00,171.0032501220703,104.0,106.0,171.0,129.13,152.93,120.46,Warning,Warning,14.46,86.36
2024-11-25 14:00:00,106.92770385742188,106.0,104.0,106.93,125.37,165.28,117.12,Warning,Warning,13.12,87.39
2024-11-25 15:00:00,171.0032501220703,104.0,120.0,171.0,149.64,169.05,113.65,Warning,Warning,6.35,94.7
2024-11-25 16:00:00,95.20822143554688,120.0,104.0,95.21,124.38,170.84,119.84,Warning,Warning,15.84,84.77
2024-11-25 17:00:00,171.0032501220703,104.0,143.0,171.0,145.74,187.31,152.9,Warning,Warning,9.9,93.08
2024-11-25 18:00:00,136.8455047607422,143.0,191.0,136.85,134.35,269.89,195.33,Warning,Warning,4.33,97.73
2024-11-25 19:00:00,205.228759765625,191.0,190.0,205.23,171.03,222.07,191.93,Warning,Warning,1.93,98.98
2024-11-25 20:00:00,177.6548309326172,190.0,154.0,177.65,173.24,210.87,158.85,Warning,Warning,4.85,96.85
2024-11-25 21:00:00,136.0602264404297,154.0,24.0,136.06,172.98,32.48,28.5,Safe,Safe,4.5,81.24
2024-11-25 22:00:00,23.385623931884766,24.0,31.0,23.39,112.37,48.28,26.91,Safe,Safe,4.09,86.82
2024-11-25 23:00:00,26.435131072998047,31.0,28.0,26.44,61.96,36.5,31.13,Safe,Safe,3.13,88.82
2024-11-26 00:00:00,26.61195182800293,28.0,26.0,26.61,25.48,32.61,30.69,Safe,Safe,4.69,81.97
2024-11-26 01:00:00,20.51638412475586,26.0,32.0,20.52,24.52,26.61,28.9,Safe,Safe,3.1,90.3
2024-11-26 02:00:00,27.01401710510254,32.0,31.0,27.01,24.71,26.61,25.17,Safe,Safe,5.83,81.19
2024-11-26 03:00:00,26.99037742614746,31.0,29.0,26.99,24.84,26.61,28.43,Safe,Safe,0.57,98.02
2024-11-26 04:00:00,24.393386840820312,29.0,96.0,24.39,26.13,65.75,82.67,Safe,Safe,13.33,86.12
2024-11-26 05:00:00,104.95982360839844,96.0,79.0,104.96,52.11,94.88,83.14,Safe,Safe,4.14,94.76
2024-11-26 06:00:00,81.81297302246094,79.0,174.0,81.81,70.39,134.97,152.98,Warning,Warning,21.02,87.92
2024-11-26 07:00:00,163.41355895996094,174.0,204.0,163.41,116.73,209.92,201.71,Critical,Critical,2.29,98.88
2024-11-26 08:00:00,209.92034912109375,204.0,190.0,209.92,151.72,157.39,196.34,Warning,Warning,6.34,96.67
2024-11-26 09:00:00,177.6548309326172,190.0,139.0,177.65,183.66,141.91,152.65,Warning,Warning,13.65,90.18
2024-11-26 10:00:00,126.58786010742188,139.0,101.0,126.59,171.39,118.22,117.88,Warning,Warning,16.88,83.29
2024-11-26 11:00:00,99.81552124023438,101.0,127.0,99.82,134.69,98.17,113.02,Warning,Warning,13.98,88.99
2024-11-26 12:00:00,121.58740234375,127.0,104.0,121.59,116.0,171.0,118.79,Warning,Warning,14.79,85.78
2024-11-26 13:00:00,82.13227844238281,104.0,108.0,82.13,101.18,106.93,120.82,Warning,Warning,12.82,88.13
2024-11-26 14:00:00,106.47457885742188,108.0,127.0,106.47,103.4,171.0,118.08,Warning,Warning,8.92,92.97
2024-11-26 15:00:00,121.58740234375,127.0,122.0,121.59,103.4,95.21,115.05,Warning,Warning,6.95,94.31
2024-11-26 16:00:00,112.01220703125,122.0,101.0,112.01,113.36,171.0,121.23,Warning,Warning,20.23,79.97
2024-11-26 17:00:00,84.81858825683594,101.0,163.0,84.82,106.14,136.85,152.02,Warning,Warning,10.98,93.26
2024-11-26 18:00:00,132.4625701904297,163.0,184.0,132.46,109.76,205.23,189.54,Warning,Warning,5.54,96.99
2024-11-26 19:00:00,170.83880615234375,184.0,200.0,170.84,129.37,177.65,183.98,Critical,Warning,16.02,91.99
2024-11-26 20:00:00,178.27688598632812,200.0,131.0,178.28,160.53,136.06,149.53,Warning,Warning,18.53,85.86
2024-11-26 21:00:00,108.31849670410156,131.0,28.0,108.32,152.48,23.39,26.26,Safe,Safe,1.74,93.79
2024-11-26 22:00:00,25.73779296875,28.0,31.0,25.74,104.11,26.44,26.09,Safe,Safe,4.91,84.15
2024-11-26 23:00:00,26.99037742614746,31.0,24.0,26.99,53.68,26.61,30.6,Safe,Safe,6.6,72.5
2024-11-27 00:00:00,30.12920379638672,24.0,32.0,30.13,27.62,20.52,30.89,Safe,Safe,1.11,96.54
2024-11-27 01:00:00,27.01401710510254,32.0,26.0,27.01,28.04,27.01,30.31,Safe,Safe,4.31,83.41
2024-11-27 02:00:00,20.51638412475586,26.0,33.0,20.52,25.89,26.99,27.05,Safe,Safe,5.95,81.97
2024-11-27 03:00:00,31.33649253845215,33.0,31.0,31.34,26.29,24.39,30.08,Safe,Safe,0.92,97.03
2024-11-27 04:00:00,26.435131072998047,31.0,96.0,26.44,26.1,104.96,84.28,Safe,Safe,11.72,87.8
2024-11-27 05:00:00,104.95982360839844,96.0,96.0,104.96,54.24,81.81,86.35,Safe,Safe,9.65,89.95
2024-11-27 06:00:00,104.85931396484375,96.0,174.0,104.86,78.75,163.41,158.51,Warning,Warning,15.49,91.1
2024-11-27 07:00:00,163.41355895996094,174.0,191.0,163.41,124.41,209.92,208.07,Warning,Critical,17.07,91.06
2024-11-27 08:00:00,205.228759765625,191.0,194.0,205.23,157.83,177.65,201.97,Warning,Critical,7.97,95.89
2024-11-27 09:00:00,188.18238830566406,194.0,167.0,188.18,185.61,126.59,156.88,Warning,Warning,10.12,93.94
2024-11-27 10:00:00,155.37429809570312,167.0,131.0,155.37,182.93,99.82,119.6,Warning,Warning,11.4,91.3
2024-11-27 11:00:00,108.31849670410156,131.0,131.0,108.32,150.63,121.59,113.55,Warning,Warning,17.45,86.68
2024-11-27 12:00:00,137.0221710205078,131.0,129.0,137.02,133.57,82.13,119.72,Warning,Warning,9.28,92.81
2024-11-27 13:00:00,126.25714874267578,129.0,106.0,126.26,123.87,106.47,122.31,Warning,Warning,16.31,84.62
2024-11-27 14:00:00,107.29583740234375,106.0,133.0,107.3,123.53,121.59,119.67,Warning,Warning,13.33,89.98
2024-11-27 15:00:00,101.5953598022461,133.0,133.0,101.6,111.72,112.01,115.91,Warning,Warning,17.09,87.15
2024-11-27 16:00:00,129.9104461669922,133.0,121.0,129.91,112.93,84.82,120.46,Warning,Warning,0.54,99.56
2024-11-27 17:00:00,118.21829223632812,121.0,164.0,118.22,116.57,132.46,149.96,Warning,Warning,14.04,91.44
2024-11-27 18:00:00,141.56678771972656,164.0,190.0,141.57,129.9,170.84,190.38,Warning,Warning,0.38,99.8
2024-11-27 19:00:00,177.6548309326172,190.0,211.0,177.65,145.81,178.28,186.87,Critical,Warning,24.13,88.56
2024-11-27 20:00:00,203.14913940429688,211.0,127.0,203.15,174.12,108.32,151.86,Warning,Warning,24.86,80.43
2024-11-27 21:00:00,121.58740234375,127.0,33.0,121.59,167.46,25.74,27.3,Safe,Safe,5.7,82.74
2024-11-27 22:00:00,31.33649253845215,33.0,24.0,31.34,118.69,26.99,26.2,Safe,Safe,2.2,90.83
2024-11-27 23:00:00,23.385623931884766,24.0,26.0,23.39,58.77,30.13,31.46,Safe,Safe,5.46,78.99
2024-11-28 00:00:00,20.51638412475586,26.0,24.0,20.52,25.08,27.01,32.04,Safe,Safe,8.04,66.51
2024-11-28 01:00:00,30.12920379638672,24.0,28.0,30.13,24.68,20.52,30.91,Safe,Safe,2.91,89.59
2024-11-28 02:00:00,26.61195182800293,28.0,26.0,26.61,25.75,31.34,27.56,Safe,Safe,1.56,94.01
2024-11-28 03:00:00,20.51638412475586,26.0,31.0,20.52,25.75,26.44,29.02,Safe,Safe,1.98,93.61
2024-11-28 04:00:00,26.435131072998047,31.0,89.0,26.44,24.52,104.96,82.62,Safe,Safe,6.38,92.83
2024-11-28 05:00:00,81.87765502929688,89.0,96.0,81.88,42.94,104.86,83.33,Safe,Safe,12.67,86.81
2024-11-28 06:00:00,104.85931396484375,96.0,139.0,104.86,71.06,163.41,155.24,Warning,Warning,16.24,88.31
2024-11-28 07:00:00,135.40118408203125,139.0,170.0,135.4,107.38,205.23,205.97,Warning,Critical,35.97,78.84
2024-11-28 08:00:00,175.82594299316406,170.0,207.0,175.83,138.7,188.18,199.86,Critical,Warning,7.14,96.55
2024-11-28 09:00:00,180.0613555908203,207.0,164.0,180.06,163.76,155.37,157.23,Warning,Warning,6.77,95.87
2024-11-28 10:00:00,141.56678771972656,164.0,119.0,141.57,165.82,108.32,123.65,Warning,Warning,4.65,96.09
2024-11-28 11:00:00,90.21966552734375,119.0,131.0,90.22,137.28,137.02,117.77,Warning,Warning,13.23,89.9
2024-11-28 12:00:00,164.1561737060547,131.0,131.0,164.16,131.98,126.26,122.23,Warning,Warning,8.77,93.3
2024-11-28 13:00:00,108.31849670410156,131.0,121.0,108.32,120.9,107.3,123.98,Warning,Warning,2.98,97.54
2024-11-28 14:00:00,118.21829223632812,121.0,132.0,118.22,130.23,101.6,121.45,Warning,Warning,10.55,92.01
2024-11-28 15:00:00,130.65719604492188,132.0,127.0,130.66,119.06,129.91,118.12,Warning,Warning,8.88,93.01
2024-11-28 16:00:00,121.58740234375,127.0,122.0,121.59,123.49,118.22,122.62,Warning,Warning,0.62,99.49
2024-11-28 17:00:00,110.36428833007812,122.0,142.0,110.36,120.87,141.57,150.95,Warning,Warning,8.95,93.7
2024-11-28 18:00:00,134.47994995117188,142.0,159.0,134.48,122.14,177.65,192.34,Warning,Warning,33.34,79.03
2024-11-28 19:00:00,142.24688720703125,159.0,167.0,142.25,129.03,203.15,191.16,Warning,Warning,24.16,85.53
2024-11-28 20:00:00,175.7568817138672,167.0,159.0,175.76,150.83,121.59,155.7,Warning,Warning,3.3,97.92
2024-11-28 21:00:00,142.24688720703125,159.0,29.0,142.25,153.42,31.34,29.66,Safe,Safe,0.66,97.73
2024-11-28 22:00:00,33.05759048461914,29.0,26.0,33.06,117.02,23.39,26.44,Safe,Safe,0.44,98.32
2024-11-28 23:00:00,20.51638412475586,26.0,29.0,20.52,65.27,20.52,32.71,Safe,Safe,3.71,87.19
2024-11-29 00:00:00,24.393386840820312,29.0,33.0,24.39,25.99,30.13,34.0,Safe,Safe,1.0,96.98
2024-11-29 01:00:00,31.33649253845215,33.0,31.0,31.34,25.42,26.61,32.94,Safe,Safe,1.94,93.73
2024-11-29 02:00:00,26.435131072998047,31.0,59.0,26.44,27.39,20.52,30.43,Safe,Safe,28.57,51.58
2024-11-29 03:00:00,88.18058776855469,59.0,34.0,88.18,48.65,26.44,41.03,Safe,Safe,7.03,79.33
2024-11-29 04:00:00,28.13072395324707,34.0,101.0,28.13,47.58,81.88,108.62,Warning,Warning,7.62,92.46
2024-11-29 05:00:00,84.81858825683594,101.0,101.0,84.82,67.04,104.86,111.25,Warning,Warning,10.25,89.85
2024-11-29 06:00:00,99.81552124023438,101.0,174.0,99.82,70.92,135.4,190.41,Warning,Warning,16.41,90.57
2024-11-29 07:00:00,163.41355895996094,174.0,248.0,163.41,116.02,175.83,242.64,Critical,Critical,5.36,97.84
2024-11-29 08:00:00,234.55096435546875,248.0,277.0,234.55,165.93,180.06,233.07,Critical,Critical,43.93,84.14
2024-11-29 09:00:00,263.1515197753906,277.0,191.0,263.15,220.37,141.57,181.82,Warning,Warning,9.18,95.2
2024-11-29 10:00:00,205.228759765625,191.0,142.0,205.23,234.31,90.22,142.17,Warning,Warning,0.17,99.88
2024-11-29 11:00:00,134.96624755859375,142.0,133.0,134.97,201.12,164.16,136.87,Warning,Warning,3.87,97.09
2024-11-29 12:00:00,101.5953598022461,133.0,143.0,101.6,147.26,108.32,143.13,Warning,Warning,0.13,99.91
2024-11-29 13:00:00,132.68234252929688,143.0,133.0,132.68,123.08,118.22,144.91,Warning,Warning,11.91,91.05
2024-11-29 14:00:00,101.5953598022461,133.0,119.0,101.6,111.96,130.66,141.58,Warning,Warning,22.58,81.02
2024-11-29 15:00:00,90.21966552734375,119.0,154.0,90.22,108.17,121.59,137.52,Warning,Warning,16.48,89.3
2024-11-29 16:00:00,136.0602264404297,154.0,133.0,136.06,109.29,110.36,141.98,Warning,Warning,8.98,93.25
2024-11-29 17:00:00,101.5953598022461,133.0,180.0,101.6,109.29,134.48,173.7,Warning,Warning,6.3,96.5
2024-11-29 18:00:00,152.9251708984375,180.0,194.0,152.93,130.19,142.25,222.31,Warning,Critical,28.31,85.41
2024-11-29 19:00:00,188.18238830566406,194.0,236.0,188.18,147.57,175.76,220.96,Critical,Critical,15.04,93.63
2024-11-29 20:00:00,220.2288818359375,236.0,159.0,220.23,187.11,142.25,176.04,Warning,Warning,17.04,89.28
2024-11-29 21:00:00,142.24688720703125,159.0,34.0,142.25,183.55,33.06,33.79,Safe,Safe,0.21,99.39
2024-11-29 22:00:00,28.13072395324707,34.0,40.0,28.13,130.2,20.52,32.85,Safe,Safe,7.15,82.13
2024-11-29 23:00:00,37.62821960449219,40.0,33.0,37.63,69.34,24.39,38.65,Safe,Safe,5.65,82.89
2024-11-30 00:00:00,32.60944366455078,33.0,46.0,32.61,32.79,31.34,39.67,Safe,Safe,6.33,86.23
2024-11-30 01:00:00,35.64131164550781,46.0,36.0,35.64,35.29,26.44,38.23,Safe,Safe,2.23,93.81
2024-11-30 02:00:00,32.690948486328125,36.0,43.0,32.69,33.65,88.18,36.47,Safe,Safe,6.53,84.82
2024-11-30 03:00:00,36.76141357421875,43.0,47.0,36.76,35.03,28.13,44.77,Safe,Safe,2.23,95.26
2024-11-30 04:00:00,41.96968460083008,47.0,123.0,41.97,37.14,84.82,120.64,Warning,Warning,2.36,98.08
2024-11-30 05:00:00,126.96678161621094,123.0,127.0,126.97,68.57,99.82,127.73,Warning,Warning,0.73,99.43
2024-11-30 06:00:00,121.58740234375,127.0,211.0,121.59,96.84,163.41,216.68,Critical,Critical,5.68,97.31
2024-11-30 07:00:00,203.14913940429688,211.0,282.0,203.15,150.57,234.55,279.77,Critical,Critical,2.23,99.21
2024-11-30 08:00:00,254.0755157470703,282.0,301.0,254.08,192.94,263.15,274.75,Critical,Critical,26.25,91.28
2024-11-30 09:00:00,291.55718994140625,301.0,229.0,291.56,249.59,205.23,217.66,Critical,Critical,11.34,95.05
2024-11-30 10:00:00,196.75375366210938,229.0,184.0,196.75,247.46,134.97,169.15,Warning,Warning,14.85,91.93
2024-11-30 11:00:00,170.83880615234375,184.0,166.0,170.84,219.72,101.6,161.28,Warning,Warning,4.72,97.16
2024-11-30 12:00:00,172.58273315429688,166.0,166.0,172.58,180.06,132.68,167.83,Warning,Warning,1.83,98.9
2024-11-30 13:00:00,172.58273315429688,166.0,153.0,172.58,172.0,101.6,169.52,Warning,Warning,16.52,89.2
2024-11-30 14:00:00,139.461669921875,153.0,172.0,139.46,161.54,90.22,165.55,Warning,Warning,6.45,96.25
2024-11-30 15:00:00,157.39450073242188,172.0,181.0,157.39,156.48,136.06,160.83,Warning,Warning,20.17,88.86
2024-11-30 16:00:00,165.27511596679688,181.0,172.0,165.28,154.04,101.6,166.59,Warning,Warning,5.41,96.85
2024-11-30 17:00:00,157.39450073242188,172.0,190.0,157.39,160.02,152.93,206.11,Warning,Critical,16.11,91.52
2024-11-30 18:00:00,177.6548309326172,190.0,265.0,177.65,166.77,188.18,265.44,Critical,Critical,0.44,99.83
2024-11-30 19:00:00,231.68218994140625,265.0,282.0,231.68,188.91,220.23,263.14,Critical,Critical,18.86,93.31
2024-11-30 20:00:00,254.0755157470703,282.0,450.0,254.08,221.14,142.25,204.99,Critical,Critical,245.01,45.55
2024-11-30 21:00:00,407.1525573730469,450.0,36.0,407.15,297.64,28.13,43.57,Safe,Safe,7.57,78.98
2024-11-30 22:00:00,32.690948486328125,36.0,35.0,32.69,231.31,37.63,44.32,Safe,Safe,9.32,73.38
2024-11-30 23:00:00,36.132415771484375,35.0,79.0,36.13,158.66,32.61,46.6,Safe,Safe,32.4,58.99
2024-12-01 00:00:00,81.81297302246094,79.0,37.0,81.81,50.21,35.64,46.31,Safe,Safe,9.31,74.83
2024-12-01 01:00:00,33.60997772216797,37.0,46.0,33.61,50.52,32.69,43.34,Safe,Safe,2.66,94.21
2024-12-01 02:00:00,41.79304885864258,46.0,41.0,41.79,52.41,36.76,41.01,Safe,Safe,0.01,99.97
2024-12-01 03:00:00,45.00168228149414,41.0,40.0,45.0,40.13,41.97,48.38,Safe,Safe,8.38,79.05
2024-12-01 04:00:00,36.35585403442383,40.0,113.0,36.36,41.05,126.97,128.2,Warning,Warning,15.2,86.55
2024-12-01 05:00:00,106.22918701171875,113.0,119.0,106.23,62.53,121.59,133.64,Warning,Warning,14.64,87.69
2024-12-01 06:00:00,90.21966552734375,119.0,248.0,90.22,77.6,203.15,216.4,Critical,Critical,31.6,87.26
2024-12-01 07:00:00,234.55096435546875,248.0,282.0,234.55,143.67,254.08,279.59,Critical,Critical,2.41,99.14
2024-12-01 08:00:00,254.0755157470703,282.0,236.0,254.08,192.95,291.56,275.69,Critical,Critical,39.69,83.18
2024-12-01 09:00:00,220.2288818359375,236.0,198.0,220.23,236.29,196.75,216.89,Warning,Critical,18.89,90.46
2024-12-01 10:00:00,182.033935546875,198.0,184.0,182.03,218.78,170.84,167.13,Warning,Warning,16.87,90.83
2024-12-01 11:00:00,166.26516723632812,184.0,190.0,166.27,189.51,172.58,160.56,Warning,Warning,29.44,84.5
2024-12-01 12:00:00,177.6548309326172,190.0,148.0,177.65,175.32,172.58,167.69,Warning,Warning,19.69,86.69
2024-12-01 13:00:00,140.19593811035156,148.0,172.0,140.2,161.37,139.46,169.04,Warning,Warning,2.96,98.28
2024-12-01 14:00:00,157.39450073242188,172.0,142.0,157.39,158.42,157.39,164.27,Warning,Warning,22.27,84.32
2024-12-01 15:00:00,134.96624755859375,142.0,166.0,134.97,144.19,165.28,158.88,Warning,Warning,7.12,95.71
2024-12-01 16:00:00,158.65402221679688,166.0,146.0,158.65,150.34,157.39,164.52,Warning,Warning,18.52,87.32
2024-12-01 17:00:00,141.8232421875,146.0,229.0,141.82,145.15,177.65,205.96,Critical,Critical,23.04,89.94
2024-12-01 18:00:00,196.75375366210938,229.0,298.0,196.75,165.74,231.68,269.39,Critical,Critical,28.61,90.4
2024-12-01 19:00:00,260.96893310546875,298.0,240.0,260.97,199.85,254.08,267.86,Critical,Critical,27.86,88.39
2024-12-01 20:00:00,218.89285278320312,240.0,204.0,218.89,225.54,407.15,207.73,Critical,Critical,3.73,98.17
2024-12-01 21:00:00,209.92034912109375,204.0,36.0,209.92,229.93,32.69,41.16,Safe,Safe,5.16,85.66
2024-12-01 22:00:00,32.690948486328125,36.0,38.0,32.69,153.83,36.13,38.72,Safe,Safe,0.72,98.11
2024-12-01 23:00:00,44.10675811767578,38.0,35.0,44.11,95.57,81.81,40.99,Safe,Safe,5.99,82.88
2024-12-02 00:00:00,36.132415771484375,35.0,28.0,36.13,37.64,33.61,39.54,Safe,Safe,11.54,58.79
2024-12-02 01:00:00,25.73779296875,28.0,35.0,25.74,35.33,41.79,35.41,Safe,Safe,0.41,98.83
2024-12-02 02:00:00,34.53892517089844,35.0,24.0,34.54,32.14,45.0,30.21,Safe,Safe,6.21,74.14
2024-12-02 03:00:00,23.385623931884766,24.0,33.0,23.39,27.89,36.36,30.74,Safe,Safe,2.26,93.14
2024-12-02 04:00:00,31.33649253845215,33.0,79.0,31.34,29.75,106.23,90.66,Safe,Safe,11.66,85.24
2024-12-02 05:00:00,66.48313903808594,79.0,87.0,66.48,40.4,90.22,83.4,Safe,Safe,3.6,95.87
2024-12-02 06:00:00,100.40896606445312,87.0,149.0,100.41,66.08,234.55,155.0,Warning,Warning,6.0,95.97
2024-12-02 07:00:00,130.8369598388672,149.0,217.0,130.84,99.24,254.08,206.82,Critical,Critical,10.18,95.31
2024-12-02 08:00:00,214.08404541015625,217.0,180.0,214.08,148.44,220.23,200.84,Warning,Critical,20.84,88.42
2024-12-02 09:00:00,184.22586059570312,180.0,137.0,184.23,176.38,182.03,155.4,Warning,Warning,18.4,86.57
2024-12-02 10:00:00,133.77249145507812,137.0,131.0,133.77,177.36,166.27,120.59,Warning,Warning,10.41,92.05
2024-12-02 11:00:00,164.1561737060547,131.0,131.0,164.16,160.72,177.65,115.77,Warning,Warning,15.23,88.38
2024-12-02 12:00:00,164.1561737060547,131.0,123.0,164.16,154.03,140.2,120.79,Warning,Warning,2.21,98.2
2024-12-02 13:00:00,126.96678161621094,123.0,98.0,126.97,151.76,157.39,122.09,Safe,Warning,24.09,75.42
2024-12-02 14:00:00,89.84654235839844,98.0,107.0,89.85,126.99,134.97,118.88,Warning,Warning,11.88,88.9
2024-12-02 15:00:00,99.42133331298828,107.0,131.0,99.42,105.41,158.65,115.24,Warning,Warning,15.76,87.97
2024-12-02 16:00:00,108.31849670410156,131.0,122.0,108.32,99.2,141.82,120.64,Warning,Warning,1.36,98.88
2024-12-02 17:00:00,112.01220703125,122.0,153.0,112.01,106.58,196.75,150.97,Warning,Warning,2.03,98.67
2024-12-02 18:00:00,139.461669921875,153.0,174.0,139.46,119.93,260.97,190.64,Warning,Warning,16.64,90.44
2024-12-02 19:00:00,163.41355895996094,174.0,174.0,163.41,138.3,218.89,185.93,Warning,Warning,11.93,93.14
2024-12-02 20:00:00,163.41355895996094,174.0,172.0,163.41,155.43,209.92,154.43,Warning,Warning,17.57,89.79
2024-12-02 21:00:00,157.39450073242188,172.0,29.0,157.39,161.41,32.69,27.6,Safe,Safe,1.4,95.18
2024-12-02 22:00:00,24.393386840820312,29.0,28.0,24.39,115.07,44.11,25.63,Safe,Safe,2.37,91.54
2024-12-02 23:00:00,24.444541931152344,28.0,34.0,24.44,68.74,36.13,30.44,Safe,Safe,3.56,89.53
2024-12-03 00:00:00,28.13072395324707,34.0,31.0,28.13,25.66,25.74,30.38,Safe,Safe,0.62,98.01
2024-12-03 01:00:00,26.435131072998047,31.0,28.0,26.44,26.34,34.54,29.23,Safe,Safe,1.23,95.61
2024-12-03 02:00:00,24.444541931152344,28.0,29.0,24.44,26.34,23.39,25.9,Safe,Safe,3.1,89.32
2024-12-03 03:00:00,28.431686401367188,29.0,29.0,28.43,26.44,31.34,30.33,Safe,Safe,1.33,95.42
2024-12-03 04:00:00,33.05759048461914,29.0,85.0,33.06,28.64,66.48,87.46,Safe,Safe,2.46,97.1
2024-12-03 05:00:00,68.61888122558594,85.0,88.0,68.62,43.37,100.41,84.0,Safe,Safe,4.0,95.45
2024-12-03 06:00:00,82.23623657226562,88.0,161.0,82.24,61.3,130.84,151.12,Warning,Warning,9.88,93.86
2024-12-03 07:00:00,153.97630310058594,161.0,177.0,153.98,101.61,214.08,199.17,Warning,Warning,22.17,87.48
2024-12-03 08:00:00,175.53759765625,177.0,217.0,175.54,137.25,184.23,193.12,Critical,Warning,23.88,88.99
2024-12-03 09:00:00,214.08404541015625,217.0,144.0,214.08,181.2,133.77,150.41,Warning,Warning,6.41,95.55
2024-12-03 10:00:00,207.02268981933594,144.0,110.0,207.02,198.88,164.16,117.27,Warning,Warning,7.27,93.39
2024-12-03 11:00:00,98.1741943359375,110.0,127.0,98.17,173.09,164.16,112.96,Warning,Warning,14.04,88.94
2024-12-03 12:00:00,121.58740234375,127.0,120.0,121.59,142.26,126.97,118.94,Warning,Warning,1.06,99.12
2024-12-03 13:00:00,95.20822143554688,120.0,119.0,95.21,104.99,89.85,121.23,Warning,Warning,2.23,98.12
2024-12-03 14:00:00,90.21966552734375,119.0,119.0,90.22,102.34,99.42,118.65,Warning,Warning,0.35,99.7
2024-12-03 15:00:00,90.21966552734375,119.0,131.0,90.22,91.88,108.32,115.5,Warning,Warning,15.5,88.17
2024-12-03 16:00:00,108.31849670410156,131.0,122.0,108.32,96.25,112.01,121.52,Warning,Warning,0.48,99.61
2024-12-03 17:00:00,110.36428833007812,122.0,163.0,110.36,102.97,139.46,152.4,Warning,Warning,10.6,93.5
2024-12-03 18:00:00,132.4625701904297,163.0,172.0,132.46,117.05,163.41,190.15,Warning,Warning,18.15,89.45
2024-12-03 19:00:00,157.39450073242188,172.0,180.0,157.39,133.41,163.41,183.75,Warning,Warning,3.75,97.92
2024-12-03 20:00:00,152.9251708984375,180.0,154.0,152.93,147.59,157.39,148.41,Warning,Warning,5.59,96.37
2024-12-03 21:00:00,136.0602264404297,154.0,28.0,136.06,148.79,24.39,25.94,Safe,Safe,2.06,92.64
2024-12-03 22:00:00,25.73779296875,28.0,31.0,25.74,104.91,24.44,26.17,Safe,Safe,4.83,84.42
2024-12-03 23:00:00,26.435131072998047,31.0,28.0,26.44,62.74,28.13,30.77,Safe,Safe,2.77,90.1
2024-12-04 00:00:00,26.61195182800293,28.0,24.0,26.61,26.26,26.44,30.93,Safe,Safe,6.93,71.11
2024-12-04 01:00:00,23.385623931884766,24.0,49.0,23.39,25.48,24.44,30.1,Safe,Safe,18.9,61.42
2024-12-04 02:00:00,44.930137634277344,49.0,26.0,44.93,31.64,28.43,28.56,Safe,Safe,2.56,90.14
2024-12-04 03:00:00,20.51638412475586,26.0,28.0,20.52,29.61,33.06,32.57,Safe,Safe,4.57,83.69
2024-12-04 04:00:00,26.61195182800293,28.0,89.0,26.61,30.69,68.62,87.8,Safe,Safe,1.2,98.65
2024-12-04 05:00:00,76.40565490722656,89.0,88.0,76.41,41.18,82.24,86.47,Safe,Safe,1.53,98.26
2024-12-04 06:00:00,82.23623657226562,88.0,142.0,82.24,61.75,153.98,154.5,Warning,Warning,12.5,91.2
2024-12-04 07:00:00,134.47994995117188,142.0,181.0,134.48,97.71,175.54,202.62,Warning,Critical,21.62,88.05
2024-12-04 08:00:00,165.27511596679688,181.0,216.0,165.28,127.33,214.08,196.29,Critical,Warning,19.71,90.88
2024-12-04 09:00:00,210.86807250976562,216.0,138.0,210.87,170.21,207.02,153.43,Warning,Warning,15.43,88.82
2024-12-04 10:00:00,141.907958984375,138.0,117.0,141.91,172.68,98.17,119.15,Warning,Warning,2.15,98.16
2024-12-04 11:00:00,104.4687728881836,117.0,117.0,104.47,152.41,121.59,113.39,Warning,Warning,3.61,96.91
2024-12-04 12:00:00,104.4687728881836,117.0,120.0,104.47,116.95,95.21,118.72,Warning,Warning,1.28,98.93
2024-12-04 13:00:00,95.20822143554688,120.0,127.0,95.21,101.38,90.22,120.89,Warning,Warning,6.11,95.19
2024-12-04 14:00:00,121.58740234375,127.0,120.0,121.59,107.09,90.22,118.38,Warning,Warning,1.62,98.65
2024-12-04 15:00:00,95.20822143554688,120.0,133.0,95.21,104.0,108.32,115.02,Warning,Warning,17.98,86.48
2024-12-04 16:00:00,129.9104461669922,133.0,127.0,129.91,115.57,110.36,119.87,Warning,Warning,7.13,94.39
2024-12-04 17:00:00,121.58740234375,127.0,133.0,121.59,115.57,132.46,148.73,Warning,Warning,15.73,88.17
2024-12-04 18:00:00,129.9104461669922,133.0,282.0,129.91,127.14,157.39,186.9,Critical,Warning,95.1,66.27
2024-12-04 19:00:00,254.0755157470703,282.0,176.0,254.08,168.52,152.93,185.89,Warning,Warning,9.89,94.38
2024-12-04 20:00:00,156.68194580078125,176.0,146.0,156.68,180.22,136.06,150.94,Warning,Warning,4.94,96.62
2024-12-04 21:00:00,141.8232421875,146.0,29.0,141.82,184.19,25.74,27.14,Safe,Safe,1.86,93.59
2024-12-04 22:00:00,33.05759048461914,29.0,28.0,33.06,110.52,26.44,26.51,Safe,Safe,1.49,94.68
2024-12-04 23:00:00,25.73779296875,28.0,28.0,25.74,66.87,26.61,31.8,Safe,Safe,3.8,86.44
2024-12-05 00:00:00,25.73779296875,28.0,28.0,25.74,28.18,23.39,32.48,Safe,Safe,4.48,84.02
2024-12-05 01:00:00,26.61195182800293,28.0,32.0,26.61,26.03,44.93,31.31,Safe,Safe,0.69,97.84
2024-12-05 02:00:00,27.01401710510254,32.0,32.0,27.01,26.45,20.52,27.97,Safe,Safe,4.03,87.42
2024-12-05 03:00:00,27.01401710510254,32.0,33.0,27.01,26.88,26.61,29.91,Safe,Safe,3.09,90.64
2024-12-05 04:00:00,31.33649253845215,33.0,79.0,31.34,28.45,76.41,84.58,Safe,Safe,5.58,92.93
2024-12-05 05:00:00,81.81297302246094,79.0,82.0,81.81,46.72,82.24,85.07,Safe,Safe,3.07,96.25
2024-12-05 06:00:00,68.89469909667969,82.0,174.0,68.89,60.68,134.48,155.92,Warning,Warning,18.08,89.61
2024-12-05 07:00:00,163.41355895996094,174.0,211.0,163.41,104.71,165.28,205.96,Critical,Critical,5.04,97.61
2024-12-05 08:00:00,203.14913940429688,211.0,206.0,203.15,145.15,210.87,199.86,Critical,Warning,6.14,97.02
2024-12-05 09:00:00,185.82611083984375,206.0,154.0,185.83,184.13,141.91,157.21,Warning,Warning,3.21,97.91
2024-12-05 10:00:00,136.0602264404297,154.0,104.0,136.06,175.01,104.47,123.46,Warning,Warning,19.46,81.29
2024-12-05 11:00:00,82.13227844238281,104.0,127.0,82.13,134.67,104.47,117.71,Warning,Warning,9.29,92.68
2024-12-05 12:00:00,121.58740234375,127.0,119.0,121.59,113.26,95.21,122.41,Warning,Warning,3.41,97.14
2024-12-05 13:00:00,90.21966552734375,119.0,117.0,90.22,97.98,121.59,124.22,Warning,Warning,7.22,93.83
2024-12-05 14:00:00,108.9134292602539,117.0,121.0,108.91,106.91,95.21,121.65,Warning,Warning,0.65,99.46
2024-12-05 15:00:00,118.21829223632812,121.0,113.0,118.22,105.78,129.91,118.25,Warning,Warning,5.25,95.36
2024-12-05 16:00:00,106.22918701171875,113.0,108.0,106.23,111.12,121.59,122.49,Warning,Warning,14.49,86.58
2024-12-05 17:00:00,106.47457885742188,108.0,162.0,106.47,110.31,129.91,149.93,Warning,Warning,12.07,92.55
2024-12-05 18:00:00,166.17947387695312,162.0,187.0,166.18,126.29,254.08,191.62,Warning,Warning,4.62,97.53
2024-12-05 19:00:00,160.5743865966797,187.0,159.0,160.57,144.41,156.68,191.61,Warning,Warning,32.61,79.49
2024-12-05 20:00:00,142.24688720703125,159.0,143.0,142.25,156.33,141.82,156.39,Warning,Warning,13.39,90.64
2024-12-05 21:00:00,174.556396484375,143.0,31.0,174.56,159.13,33.06,29.82,Safe,Safe,1.18,96.2
2024-12-05 22:00:00,26.435131072998047,31.0,28.0,26.44,114.41,25.74,26.56,Safe,Safe,1.44,94.87
2024-12-05 23:00:00,26.61195182800293,28.0,29.0,26.61,75.87,25.74,32.92,Safe,Safe,3.92,86.49
2024-12-06 00:00:00,28.431686401367188,29.0,35.0,28.43,27.16,26.61,34.29,Safe,Safe,0.71,97.98
2024-12-06 01:00:00,34.53892517089844,35.0,37.0,34.54,29.86,27.01,33.41,Safe,Safe,3.59,90.3
2024-12-06 02:00:00,33.60997772216797,37.0,36.0,33.61,32.19,27.01,31.42,Safe,Safe,4.58,87.28
2024-12-06 03:00:00,34.588775634765625,36.0,38.0,34.59,34.25,31.34,37.8,Safe,Safe,0.2,99.49
2024-12-06 04:00:00,32.481868743896484,38.0,92.0,32.48,33.56,81.81,102.03,Safe,Warning,10.03,89.1
2024-12-06 05:00:00,92.51318359375,92.0,120.0,92.51,53.19,68.89,105.76,Warning,Warning,14.24,88.13
2024-12-06 06:00:00,95.20822143554688,120.0,200.0,95.21,73.4,163.41,183.88,Critical,Warning,16.12,91.94
2024-12-06 07:00:00,151.05458068847656,200.0,235.0,151.05,112.93,203.15,238.81,Critical,Critical,3.81,98.38
2024-12-06 08:00:00,241.75717163085938,235.0,248.0,241.76,162.67,185.83,231.22,Critical,Critical,16.78,93.23
2024-12-06 09:00:00,234.55096435546875,248.0,167.0,234.55,209.12,136.06,181.74,Warning,Warning,14.74,91.17
2024-12-06 10:00:00,155.37429809570312,167.0,138.0,155.37,210.56,82.13,142.94,Warning,Warning,4.94,96.42
2024-12-06 11:00:00,141.907958984375,138.0,131.0,141.91,177.28,121.59,136.92,Warning,Warning,5.92,95.48
2024-12-06 12:00:00,164.1561737060547,131.0,117.0,164.16,153.81,90.22,142.26,Warning,Warning,25.26,78.41
2024-12-06 13:00:00,104.4687728881836,117.0,159.0,104.47,136.84,108.91,144.05,Warning,Warning,14.95,90.6
2024-12-06 14:00:00,142.24688720703125,159.0,123.0,142.25,136.96,118.22,140.81,Warning,Warning,17.81,85.52
2024-12-06 15:00:00,126.96678161621094,123.0,143.0,126.97,124.56,106.23,136.97,Warning,Warning,6.03,95.78
2024-12-06 16:00:00,174.556396484375,143.0,127.0,174.56,147.92,106.47,142.17,Warning,Warning,15.17,88.06
2024-12-06 17:00:00,121.58740234375,127.0,167.0,121.59,141.04,166.18,176.26,Warning,Warning,9.26,94.45
2024-12-06 18:00:00,175.7568817138672,167.0,217.0,175.76,157.3,160.57,227.5,Critical,Critical,10.5,95.16
2024-12-06 19:00:00,214.08404541015625,217.0,206.0,214.08,170.48,142.25,226.36,Critical,Critical,20.36,90.12
2024-12-06 20:00:00,185.82611083984375,206.0,376.0,185.83,191.89,174.56,178.11,Critical,Warning,197.89,47.37
2024-12-06 21:00:00,317.0821838378906,376.0,38.0,317.08,239.0,26.44,34.01,Safe,Safe,3.99,89.5
2024-12-06 22:00:00,44.10675811767578,38.0,35.0,44.11,182.34,26.61,36.83,Safe,Safe,1.83,94.77
2024-12-06 23:00:00,34.53892517089844,35.0,40.0,34.54,131.91,28.43,41.74,Safe,Safe,1.74,95.66
2024-12-07 00:00:00,37.62821960449219,40.0,43.0,37.63,38.76,34.54,41.94,Safe,Safe,1.06,97.53
2024-12-07 01:00:00,36.76141357421875,43.0,44.0,36.76,36.31,33.61,40.27,Safe,Safe,3.73,91.53
2024-12-07 02:00:00,46.93303680419922,44.0,38.0,46.93,40.44,34.59,39.57,Safe,Safe,1.57,95.86
2024-12-07 03:00:00,37.19493865966797,38.0,35.0,37.19,40.3,32.48,48.36,Safe,Safe,13.36,61.82
2024-12-07 04:00:00,34.53892517089844,35.0,133.0,34.54,39.56,92.51,125.16,Warning,Warning,7.84,94.11
2024-12-07 05:00:00,129.9104461669922,133.0,123.0,129.91,67.21,95.21,132.42,Warning,Warning,9.42,92.34
2024-12-07 06:00:00,126.96678161621094,123.0,207.0,126.97,97.14,151.05,220.01,Critical,Critical,13.01,93.72
2024-12-07 07:00:00,180.0613555908203,207.0,298.0,180.06,145.65,241.76,281.56,Critical,Critical,16.44,94.48
2024-12-07 08:00:00,260.96893310546875,298.0,253.0,260.97,189.33,234.55,275.65,Critical,Critical,22.65,91.05
2024-12-07 09:00:00,209.19949340820312,253.0,235.0,209.2,216.74,155.37,218.26,Critical,Critical,16.74,92.88
2024-12-07 10:00:00,241.75717163085938,235.0,149.0,241.76,237.31,141.91,168.96,Warning,Warning,19.96,86.61
2024-12-07 11:00:00,131.3288116455078,149.0,184.0,131.33,194.1,164.16,161.43,Warning,Warning,22.57,87.73
2024-12-07 12:00:00,170.83880615234375,184.0,149.0,170.84,181.31,104.47,167.66,Warning,Warning,18.66,87.47
2024-12-07 13:00:00,131.3288116455078,149.0,146.0,131.33,144.5,142.25,169.27,Warning,Warning,23.27,84.06
2024-12-07 14:00:00,137.53140258789062,146.0,172.0,137.53,146.57,126.97,165.08,Warning,Warning,6.92,95.98
2024-12-07 15:00:00,157.39450073242188,172.0,147.0,157.39,142.08,174.56,160.2,Warning,Warning,13.2,91.02
2024-12-07 16:00:00,153.4891357421875,147.0,184.0,153.49,149.47,121.59,165.58,Warning,Warning,18.42,89.99
2024-12-07 17:00:00,170.83880615234375,184.0,217.0,170.84,160.57,175.76,204.41,Critical,Critical,12.59,94.2
2024-12-07 18:00:00,214.08404541015625,217.0,240.0,214.08,179.47,214.08,265.27,Critical,Critical,25.27,89.47
2024-12-07 19:00:00,218.89285278320312,240.0,240.0,218.89,201.27,185.83,263.84,Critical,Critical,23.84,90.07
2024-12-07 20:00:00,218.89285278320312,240.0,235.0,218.89,217.29,317.08,204.64,Critical,Critical,30.36,87.08
2024-12-07 21:00:00,241.75717163085938,235.0,42.0,241.76,226.51,44.11,40.85,Safe,Safe,1.15,97.26
2024-12-07 22:00:00,35.38056564331055,42.0,46.0,35.38,165.34,34.54,39.39,Safe,Safe,6.61,85.63
2024-12-07 23:00:00,35.64131164550781,46.0,67.0,35.64,104.26,37.63,43.41,Safe,Safe,23.59,64.8
2024-12-08 00:00:00,78.59397888183594,67.0,45.0,78.59,49.87,36.76,44.09,Safe,Safe,0.91,97.98
2024-12-08 01:00:00,48.282501220703125,45.0,41.0,48.28,54.17,46.93,42.3,Safe,Safe,1.3,96.84
2024-12-08 02:00:00,30.87221908569336,41.0,44.0,30.87,52.58,37.19,39.9,Safe,Safe,4.1,90.67
2024-12-08 03:00:00,46.93303680419922,44.0,38.0,46.93,42.03,34.54,48.78,Safe,Safe,10.78,71.64
2024-12-08 04:00:00,44.10675811767578,38.0,106.0,44.11,40.64,129.91,130.52,Warning,Warning,24.52,76.87
2024-12-08 05:00:00,97.4884033203125,106.0,139.0,97.49,62.84,126.97,134.59,Warning,Warning,4.41,96.83
2024-12-08 06:00:00,126.58786010742188,139.0,236.0,126.59,89.39,180.06,224.33,Critical,Critical,11.67,95.05
2024-12-08 07:00:00,220.2288818359375,236.0,265.0,220.23,148.1,260.97,285.92,Critical,Critical,20.92,92.1
2024-12-08 08:00:00,245.60165405273438,265.0,316.0,245.6,197.47,209.2,279.36,Critical,Critical,36.64,88.4
2024-12-08 09:00:00,300.29840087890625,316.0,195.0,300.3,255.38,241.76,219.68,Warning,Critical,24.68,87.34
2024-12-08 10:00:00,199.53663635253906,195.0,146.0,199.54,248.48,131.33,169.9,Warning,Warning,23.9,83.63
2024-12-08 11:00:00,141.8232421875,146.0,142.0,141.82,213.89,170.84,163.72,Warning,Warning,21.72,84.7
2024-12-08 12:00:00,134.47994995117188,142.0,156.0,134.48,158.61,131.33,170.84,Warning,Warning,14.84,90.48
2024-12-08 13:00:00,157.69326782226562,156.0,139.0,157.69,144.67,137.53,171.65,Warning,Warning,32.65,76.51
2024-12-08 14:00:00,126.58786010742188,139.0,158.0,126.59,139.59,157.39,166.19,Warning,Warning,8.19,94.81
2024-12-08 15:00:00,140.42489624023438,158.0,147.0,140.42,141.57,153.49,160.1,Warning,Warning,13.1,91.09
2024-12-08 16:00:00,153.4891357421875,147.0,176.0,153.49,140.17,170.84,164.89,Warning,Warning,11.11,93.69
2024-12-08 17:00:00,195.02130126953125,176.0,230.0,195.02,162.98,214.08,207.68,Critical,Critical,22.32,90.3
2024-12-08 18:00:00,205.50450134277344,230.0,277.0,205.5,184.67,218.89,274.79,Critical,Critical,2.21,99.2
2024-12-08 19:00:00,263.1515197753906,277.0,235.0,263.15,221.23,218.89,275.66,Critical,Critical,40.66,82.7
2024-12-08 20:00:00,241.75717163085938,235.0,217.0,241.76,236.8,241.76,214.14,Critical,Critical,2.86,98.68
2024-12-08 21:00:00,214.08404541015625,217.0,38.0,214.08,239.66,35.38,43.42,Safe,Safe,5.42,85.73
2024-12-08 22:00:00,44.10675811767578,38.0,43.0,44.11,166.65,35.64,40.15,Safe,Safe,2.85,93.37
2024-12-08 23:00:00,36.76141357421875,43.0,41.0,36.76,98.32,78.59,41.72,Safe,Safe,0.72,98.25
2024-12-09 00:00:00,30.87221908569336,41.0,28.0,30.87,37.25,48.28,39.68,Safe,Safe,11.68,58.28
2024-12-09 01:00:00,26.61195182800293,28.0,26.0,26.61,31.42,30.87,35.3,Safe,Safe,9.3,64.24
2024-12-09 02:00:00,20.51638412475586,26.0,31.0,20.52,26.0,46.93,28.61,Safe,Safe,2.39,92.29
2024-12-09 03:00:00,26.435131072998047,31.0,34.0,26.44,24.52,44.11,26.9,Safe,Safe,7.1,79.13
2024-12-09 04:00:00,28.13072395324707,34.0,92.0,28.13,25.03,97.49,84.22,Safe,Safe,7.78,91.55
2024-12-09 05:00:00,92.51318359375,92.0,170.0,92.51,49.03,126.59,80.08,Warning,Safe,89.92,47.11
2024-12-09 06:00:00,175.82594299316406,170.0,172.0,175.83,98.82,220.23,158.92,Warning,Warning,13.08,92.4
2024-12-09 07:00:00,157.39450073242188,172.0,180.0,157.39,141.91,245.6,214.11,Warning,Critical,34.11,81.05
2024-12-09 08:00:00,152.9251708984375,180.0,212.0,152.93,162.05,300.3,208.73,Critical,Critical,3.27,98.46
2024-12-09 09:00:00,205.57290649414062,212.0,147.0,205.57,171.96,199.54,160.7,Warning,Warning,13.7,90.68
2024-12-09 10:00:00,153.4891357421875,147.0,117.0,153.49,170.66,141.82,123.01,Warning,Warning,6.01,94.86
2024-12-09 11:00:00,108.9134292602539,117.0,104.0,108.91,155.99,134.48,117.99,Warning,Warning,13.99,86.55
2024-12-09 12:00:00,98.03958129882812,104.0,133.0,98.04,120.15,157.69,123.47,Warning,Warning,9.53,92.83
2024-12-09 13:00:00,129.9104461669922,133.0,131.0,129.91,112.29,126.59,124.49,Warning,Warning,6.51,95.03
2024-12-09 14:00:00,164.1561737060547,131.0,108.0,164.16,130.7,140.42,120.71,Warning,Warning,12.71,88.23
2024-12-09 15:00:00,106.47457885742188,108.0,110.0,106.47,133.51,153.49,116.77,Warning,Warning,6.77,93.84
2024-12-09 16:00:00,91.67859649658203,110.0,113.0,91.68,120.77,195.02,122.03,Warning,Warning,9.03,92.01
2024-12-09 17:00:00,106.22918701171875,113.0,163.0,106.23,101.46,205.5,152.95,Warning,Warning,10.05,93.84
2024-12-09 18:00:00,132.4625701904297,163.0,212.0,132.46,110.12,263.15,193.91,Critical,Warning,18.09,91.47
2024-12-09 19:00:00,205.57290649414062,212.0,172.0,205.57,148.09,241.76,191.13,Warning,Warning,19.13,88.88
2024-12-09 20:00:00,157.39450073242188,172.0,146.0,157.39,165.14,214.08,159.16,Warning,Warning,13.16,90.98
2024-12-09 21:00:00,141.8232421875,146.0,31.0,141.82,168.26,44.11,28.97,Safe,Safe,2.03,93.46
2024-12-09 22:00:00,26.99037742614746,31.0,28.0,26.99,108.74,36.76,26.35,Safe,Safe,1.65,94.09
2024-12-09 23:00:00,26.61195182800293,28.0,29.0,26.61,65.14,30.87,30.9,Safe,Safe,1.9,93.45
2024-12-10 00:00:00,28.431686401367188,29.0,26.0,28.43,27.34,26.61,30.68,Safe,Safe,4.68,81.98
2024-12-10 01:00:00,20.51638412475586,26.0,28.0,20.52,25.19,20.52,29.06,Safe,Safe,1.06,96.22
2024-12-10 02:00:00,25.73779296875,28.0,29.0,25.74,24.9,26.44,25.41,Safe,Safe,3.59,87.61
2024-12-10 03:00:00,28.431686401367188,29.0,34.0,28.43,24.9,28.13,29.09,Safe,Safe,4.91,85.56
2024-12-10 04:00:00,28.13072395324707,34.0,85.0,28.13,27.43,92.51,84.5,Safe,Safe,0.5,99.41
2024-12-10 05:00:00,68.61888122558594,85.0,137.0,68.62,41.73,175.83,80.72,Warning,Safe,56.28,58.92
2024-12-10 06:00:00,133.77249145507812,137.0,164.0,133.77,76.84,157.39,152.86,Warning,Warning,11.14,93.21
2024-12-10 07:00:00,141.56678771972656,164.0,227.0,141.57,114.65,152.93,202.38,Critical,Critical,24.62,89.15
2024-12-10 08:00:00,202.517333984375,227.0,190.0,202.52,159.29,205.57,196.68,Warning,Warning,6.68,96.49
2024-12-10 09:00:00,177.6548309326172,190.0,131.0,177.65,173.91,153.49,152.98,Warning,Warning,21.98,83.22
2024-12-10 10:00:00,164.1561737060547,131.0,122.0,164.16,181.44,108.91,118.13,Warning,Warning,3.87,96.83
2024-12-10 11:00:00,112.01220703125,122.0,113.0,112.01,151.27,98.04,113.32,Warning,Warning,0.32,99.72
2024-12-10 12:00:00,106.22918701171875,113.0,120.0,106.23,127.47,129.91,119.3,Warning,Warning,0.7,99.42
2024-12-10 13:00:00,95.20822143554688,120.0,108.0,95.21,104.48,164.16,121.48,Warning,Warning,13.48,87.51
2024-12-10 14:00:00,106.47457885742188,108.0,98.0,106.47,102.64,106.47,118.89,Safe,Warning,20.89,78.69
2024-12-10 15:00:00,89.84654235839844,98.0,110.0,89.85,97.18,91.68,115.65,Warning,Warning,5.65,94.86
2024-12-10 16:00:00,98.1741943359375,110.0,122.0,98.17,98.17,106.23,121.44,Warning,Warning,0.56,99.54
2024-12-10 17:00:00,112.01220703125,122.0,144.0,112.01,100.01,132.46,152.12,Warning,Warning,8.12,94.36
2024-12-10 18:00:00,207.02268981933594,144.0,167.0,207.02,139.07,205.57,194.25,Warning,Warning,27.25,83.69
2024-12-10 19:00:00,155.37429809570312,167.0,184.0,155.37,158.14,157.39,189.14,Warning,Warning,5.14,97.21
2024-12-10 20:00:00,166.26516723632812,184.0,162.0,166.27,176.22,141.82,152.58,Warning,Warning,9.42,94.18
2024-12-10 21:00:00,166.17947387695312,162.0,28.0,166.18,162.61,26.99,27.65,Safe,Safe,0.35,98.74
2024-12-10 22:00:00,24.444541931152344,28.0,29.0,24.44,118.96,26.61,28.69,Safe,Safe,0.31,98.92
2024-12-10 23:00:00,24.393386840820312,29.0,31.0,24.39,71.67,28.43,32.49,Safe,Safe,1.49,95.2
2024-12-11 00:00:00,26.435131072998047,31.0,54.0,26.44,25.09,20.52,32.06,Safe,Safe,21.94,59.37
2024-12-11 01:00:00,48.33501434326172,54.0,32.0,48.34,33.05,25.74,32.34,Safe,Safe,0.34,98.94
2024-12-11 02:00:00,27.01401710510254,32.0,31.0,27.01,33.93,28.43,30.63,Safe,Safe,0.37,98.81
2024-12-11 03:00:00,26.435131072998047,31.0,28.0,26.44,33.93,28.13,35.08,Safe,Safe,7.08,74.72
2024-12-11 04:00:00,24.444541931152344,28.0,117.0,24.44,25.96,68.62,91.25,Warning,Safe,25.75,77.99
2024-12-11 05:00:00,108.9134292602539,117.0,79.0,108.91,53.26,133.77,94.74,Safe,Safe,15.74,80.07
2024-12-11 06:00:00,74.31466674804688,79.0,137.0,74.31,69.22,141.57,163.39,Warning,Warning,26.39,80.74
2024-12-11 07:00:00,133.77249145507812,137.0,196.0,133.77,105.67,202.52,208.34,Warning,Critical,12.34,93.7
2024-12-11 08:00:00,155.17245483398438,196.0,226.0,155.17,121.09,177.65,199.02,Critical,Warning,26.98,88.06
2024-12-11 09:00:00,234.33041381835938,226.0,170.0,234.33,174.43,164.16,153.91,Warning,Warning,16.09,90.54
2024-12-11 10:00:00,175.82594299316406,170.0,109.0,175.83,188.44,112.01,118.71,Warning,Warning,9.71,91.09
2024-12-11 11:00:00,113.0452880859375,109.0,113.0,113.05,174.4,106.23,113.48,Warning,Warning,0.48,99.57
2024-12-11 12:00:00,106.22918701171875,113.0,96.0,106.23,131.7,95.21,119.53,Safe,Warning,23.53,75.49
2024-12-11 13:00:00,104.85931396484375,96.0,117.0,104.86,108.04,106.47,121.92,Warning,Warning,4.92,95.8
2024-12-11 14:00:00,108.9134292602539,117.0,96.0,108.91,106.67,89.85,119.24,Safe,Warning,23.24,75.79
2024-12-11 15:00:00,104.85931396484375,96.0,131.0,104.86,106.21,98.17,115.57,Warning,Warning,15.43,88.22
2024-12-11 16:00:00,108.31849670410156,131.0,131.0,108.32,107.36,112.01,120.1,Warning,Warning,10.9,91.68
2024-12-11 17:00:00,164.1561737060547,131.0,137.0,164.16,125.78,207.02,149.96,Warning,Warning,12.96,90.54
2024-12-11 18:00:00,143.87655639648438,137.0,195.0,143.88,138.78,155.37,190.84,Warning,Warning,4.16,97.87
2024-12-11 19:00:00,199.53663635253906,195.0,190.0,199.54,169.19,166.27,188.02,Warning,Warning,1.98,98.96
2024-12-11 20:00:00,177.6548309326172,190.0,164.0,177.65,173.69,166.18,152.14,Warning,Warning,11.86,92.77
2024-12-11 21:00:00,141.56678771972656,164.0,28.0,141.57,172.92,24.44,27.2,Safe,Safe,0.8,97.13
2024-12-11 22:00:00,26.61195182800293,28.0,28.0,26.61,115.28,24.39,26.51,Safe,Safe,1.49,94.69
2024-12-11 23:00:00,24.444541931152344,28.0,31.0,24.44,64.21,26.44,31.69,Safe,Safe,0.69,97.76
2024-12-12 00:00:00,26.99037742614746,31.0,24.0,26.99,26.02,48.34,32.39,Safe,Safe,8.39,65.06
2024-12-12 01:00:00,23.385623931884766,24.0,31.0,23.39,24.94,27.01,31.1,Safe,Safe,0.1,99.67
2024-12-12 02:00:00,26.99037742614746,31.0,28.0,26.99,25.79,26.44,27.65,Safe,Safe,0.35,98.76
2024-12-12 03:00:00,24.444541931152344,28.0,31.0,24.44,24.94,24.44,29.25,Safe,Safe,1.75,94.36
2024-12-12 04:00:00,26.99037742614746,31.0,96.0,26.99,26.14,108.91,83.14,Safe,Safe,12.86,86.61
2024-12-12 05:00:00,104.85931396484375,96.0,79.0,104.86,52.1,74.31,84.76,Safe,Safe,5.76,92.7
2024-12-12 06:00:00,69.55878448486328,79.0,147.0,69.56,67.14,133.77,156.69,Warning,Warning,9.69,93.41
2024-12-12 07:00:00,153.4891357421875,147.0,206.0,153.49,109.3,155.17,206.69,Critical,Critical,0.69,99.66
2024-12-12 08:00:00,185.82611083984375,206.0,176.0,185.83,136.29,234.33,200.33,Warning,Critical,24.33,86.17
2024-12-12 09:00:00,195.02130126953125,176.0,158.0,195.02,178.11,175.83,157.31,Warning,Warning,0.69,99.56
2024-12-12 10:00:00,140.42489624023438,158.0,120.0,140.42,173.76,113.05,123.46,Warning,Warning,3.46,97.12
2024-12-12 11:00:00,95.20822143554688,120.0,110.0,95.21,143.55,106.23,117.65,Warning,Warning,7.65,93.05
2024-12-12 12:00:00,98.1741943359375,110.0,131.0,98.17,111.27,104.86,122.41,Warning,Warning,8.59,93.45
2024-12-12 13:00:00,164.1561737060547,131.0,117.0,164.16,119.18,108.91,124.15,Warning,Warning,7.15,93.89
2024-12-12 14:00:00,108.9134292602539,117.0,120.0,108.91,123.75,104.86,121.58,Warning,Warning,1.58,98.69
2024-12-12 15:00:00,95.20822143554688,120.0,198.0,95.21,122.76,108.32,118.23,Warning,Warning,79.77,59.71
2024-12-12 16:00:00,182.033935546875,198.0,101.0,182.03,128.72,164.16,122.64,Warning,Warning,21.64,78.57
2024-12-12 17:00:00,99.81552124023438,101.0,129.0,99.82,125.69,143.88,151.5,Warning,Warning,22.5,82.56
2024-12-12 18:00:00,126.25714874267578,129.0,211.0,126.26,136.04,199.54,193.16,Critical,Warning,17.84,91.54
2024-12-12 19:00:00,203.14913940429688,211.0,204.0,203.15,143.07,177.65,193.2,Critical,Warning,10.8,94.7
2024-12-12 20:00:00,209.92034912109375,204.0,162.0,209.92,179.78,141.57,157.43,Warning,Warning,4.57,97.18
2024-12-12 21:00:00,166.17947387695312,162.0,28.0,166.18,193.08,26.61,29.42,Safe,Safe,1.42,94.94
2024-12-12 22:00:00,26.61195182800293,28.0,29.0,26.61,134.24,24.44,27.77,Safe,Safe,1.23,95.77
2024-12-12 23:00:00,33.05759048461914,29.0,31.0,33.06,75.28,26.99,33.89,Safe,Safe,2.89,90.68
2024-12-13 00:00:00,26.435131072998047,31.0,36.0,26.44,28.7,23.39,35.03,Safe,Safe,0.97,97.31
2024-12-13 01:00:00,32.690948486328125,36.0,31.0,32.69,30.73,26.99,34.03,Safe,Safe,3.03,90.21
2024-12-13 02:00:00,26.435131072998047,31.0,38.0,26.44,28.52,24.44,31.7,Safe,Safe,6.3,83.43
2024-12-13 03:00:00,44.10675811767578,38.0,31.0,44.11,34.41,26.99,38.08,Safe,Safe,7.08,77.15
2024-12-13 04:00:00,26.435131072998047,31.0,94.0,26.44,32.33,104.86,102.37,Safe,Warning,8.37,91.1
2024-12-13 05:00:00,92.34010314941406,94.0,110.0,92.34,54.29,69.56,105.72,Warning,Warning,4.28,96.11
2024-12-13 06:00:00,91.67859649658203,110.0,184.0,91.68,70.15,153.49,183.45,Warning,Warning,0.55,99.7
2024-12-13 07:00:00,166.26516723632812,184.0,226.0,166.27,116.76,185.83,238.64,Critical,Critical,12.64,94.41
2024-12-13 08:00:00,234.33041381835938,226.0,236.0,234.33,164.09,195.02,231.52,Critical,Critical,4.48,98.1
2024-12-13 09:00:00,220.2288818359375,236.0,211.0,220.23,206.94,140.42,182.14,Critical,Warning,28.86,86.32
2024-12-13 10:00:00,203.14913940429688,211.0,127.0,203.15,219.24,95.21,142.69,Warning,Warning,15.69,87.65
2024-12-13 11:00:00,121.58740234375,127.0,153.0,121.59,181.66,98.17,136.79,Warning,Warning,16.21,89.4
2024-12-13 12:00:00,139.461669921875,153.0,133.0,139.46,154.73,164.16,142.39,Warning,Warning,9.39,92.94
2024-12-13 13:00:00,101.5953598022461,133.0,129.0,101.6,120.88,108.91,144.21,Warning,Warning,15.21,88.21
2024-12-13 14:00:00,126.25714874267578,129.0,133.0,126.26,122.44,95.21,141.0,Warning,Warning,8.0,93.98
2024-12-13 15:00:00,101.5953598022461,133.0,142.0,101.6,109.82,182.03,137.17,Warning,Warning,4.83,96.6
2024-12-13 16:00:00,134.96624755859375,142.0,123.0,134.97,120.94,99.82,141.97,Warning,Warning,18.97,84.58
2024-12-13 17:00:00,126.96678161621094,123.0,176.0,126.97,121.18,126.26,174.5,Warning,Warning,1.5,99.15
2024-12-13 18:00:00,195.02130126953125,176.0,230.0,195.02,152.32,203.15,225.33,Critical,Critical,4.67,97.97
2024-12-13 19:00:00,205.50450134277344,230.0,226.0,205.5,175.83,209.92,224.92,Critical,Critical,1.08,99.52
2024-12-13 20:00:00,234.33041381835938,226.0,191.0,234.33,211.62,166.18,178.5,Warning,Warning,12.5,93.45
2024-12-13 21:00:00,205.228759765625,191.0,40.0,205.23,215.02,26.61,34.05,Safe,Safe,5.95,85.14
2024-12-13 22:00:00,37.62821960449219,40.0,33.0,37.63,159.06,33.06,34.84,Safe,Safe,1.84,94.44
2024-12-13 23:00:00,31.33649253845215,33.0,34.0,31.34,91.4,26.44,40.07,Safe,Safe,6.07,82.14
2024-12-14 00:00:00,28.13072395324707,34.0,40.0,28.13,32.37,32.69,40.52,Safe,Safe,0.52,98.71
2024-12-14 01:00:00,37.62821960449219,40.0,43.0,37.63,32.37,26.44,38.91,Safe,Safe,4.09,90.48
2024-12-14 02:00:00,36.76141357421875,43.0,36.0,36.76,34.17,44.11,37.35,Safe,Safe,1.35,96.24
2024-12-14 03:00:00,32.690948486328125,36.0,41.0,32.69,35.69,26.44,44.81,Safe,Safe,3.81,90.7
2024-12-14 04:00:00,45.00168228149414,41.0,113.0,45.0,38.15,92.34,121.2,Warning,Warning,8.2,92.74
2024-12-14 05:00:00,106.22918701171875,113.0,120.0,106.23,61.31,91.68,126.8,Warning,Warning,6.8,94.33
2024-12-14 06:00:00,95.20822143554688,120.0,249.0,95.21,82.15,166.27,212.26,Critical,Critical,36.74,85.24
2024-12-14 07:00:00,209.02658081054688,249.0,297.0,209.03,136.82,234.33,276.02,Critical,Critical,20.98,92.94
2024-12-14 08:00:00,272.66339111328125,297.0,265.0,272.66,192.3,220.23,272.11,Critical,Critical,7.11,97.32
2024-12-14 09:00:00,245.60165405273438,265.0,226.0,245.6,242.43,203.15,216.28,Critical,Critical,9.72,95.7
2024-12-14 10:00:00,234.33041381835938,226.0,174.0,234.33,250.87,121.59,168.05,Warning,Warning,5.95,96.58
2024-12-14 11:00:00,163.41355895996094,174.0,157.0,163.41,214.45,139.46,160.42,Warning,Warning,3.42,97.82
2024-12-14 12:00:00,133.40965270996094,157.0,163.0,133.41,177.05,101.6,167.06,Warning,Warning,4.06,97.51
2024-12-14 13:00:00,132.4625701904297,163.0,174.0,132.46,143.1,126.26,168.84,Warning,Warning,5.16,97.03
2024-12-14 14:00:00,163.41355895996094,174.0,139.0,163.41,143.1,101.6,164.71,Warning,Warning,25.71,81.5
2024-12-14 15:00:00,126.58786010742188,139.0,164.0,126.59,140.82,134.97,160.09,Warning,Warning,3.91,97.62
2024-12-14 16:00:00,141.56678771972656,164.0,165.0,141.57,143.86,126.97,165.43,Warning,Warning,0.43,99.74
2024-12-14 17:00:00,168.86846923828125,165.0,229.0,168.87,145.67,195.02,203.63,Critical,Critical,25.37,88.92
2024-12-14 18:00:00,196.75375366210938,229.0,300.0,196.75,169.06,205.5,262.86,Critical,Critical,37.14,87.62
2024-12-14 19:00:00,254.5372314453125,300.0,297.0,254.54,206.72,234.33,262.85,Critical,Critical,34.15,88.5
2024-12-14 20:00:00,272.66339111328125,297.0,212.0,272.66,241.32,205.23,206.36,Critical,Critical,5.64,97.34
2024-12-14 21:00:00,205.57290649414062,212.0,36.0,205.57,244.26,37.63,41.74,Safe,Safe,5.74,84.05
2024-12-14 22:00:00,32.690948486328125,36.0,44.0,32.69,170.31,31.34,39.74,Safe,Safe,4.26,90.32
2024-12-14 23:00:00,46.93303680419922,44.0,44.0,46.93,95.07,28.13,43.68,Safe,Safe,0.32,99.27
2024-12-15 00:00:00,41.953487396240234,44.0,45.0,41.95,40.53,37.63,43.46,Safe,Safe,1.54,96.58
2024-12-15 01:00:00,42.62791442871094,45.0,44.0,42.63,43.84,36.76,40.71,Safe,Safe,3.29,92.52
2024-12-15 02:00:00,41.953487396240234,44.0,38.0,41.95,42.18,32.69,38.17,Safe,Safe,0.17,99.54
2024-12-15 03:00:00,44.10675811767578,38.0,44.0,44.11,42.9,45.0,45.97,Safe,Safe,1.97,95.52
2024-12-15 04:00:00,46.93303680419922,44.0,133.0,46.93,44.33,106.23,127.06,Warning,Warning,5.94,95.54
2024-12-15 05:00:00,101.5953598022461,133.0,123.0,101.6,64.21,95.21,131.71,Warning,Warning,8.71,92.92
2024-12-15 06:00:00,126.96678161621094,123.0,226.0,126.97,91.83,209.03,222.22,Critical,Critical,3.78,98.33
2024-12-15 07:00:00,234.33041381835938,226.0,277.0,234.33,154.3,272.66,285.95,Critical,Critical,8.95,96.77
2024-12-15 08:00:00,263.1515197753906,277.0,300.0,263.15,208.15,245.6,281.64,Critical,Critical,18.36,93.88
2024-12-15 09:00:00,254.5372314453125,300.0,200.0,254.54,250.67,234.33,221.86,Critical,Critical,21.86,89.07
2024-12-15 10:00:00,178.27688598632812,200.0,142.0,178.28,231.99,163.41,170.48,Warning,Warning,28.48,79.94
2024-12-15 11:00:00,134.96624755859375,142.0,181.0,134.97,189.26,133.41,163.3,Warning,Warning,17.7,90.22
2024-12-15 12:00:00,165.27511596679688,181.0,187.0,165.28,159.51,132.46,170.24,Warning,Warning,16.76,91.04
2024-12-15 13:00:00,160.5743865966797,187.0,177.0,160.57,153.61,163.41,171.23,Warning,Warning,5.77,96.74
2024-12-15 14:00:00,175.53759765625,177.0,157.0,175.54,167.13,126.59,166.13,Warning,Warning,9.13,94.19
2024-12-15 15:00:00,133.40965270996094,157.0,143.0,133.41,156.51,141.57,160.46,Warning,Warning,17.46,87.79
2024-12-15 16:00:00,132.68234252929688,143.0,156.0,132.68,147.21,168.87,165.46,Warning,Warning,9.46,93.93
2024-12-15 17:00:00,157.69326782226562,156.0,226.0,157.69,141.26,196.75,206.58,Critical,Critical,19.42,91.41
2024-12-15 18:00:00,234.33041381835938,226.0,265.0,234.33,174.9,254.54,273.71,Critical,Critical,8.71,96.71
2024-12-15 19:00:00,245.60165405273438,265.0,300.0,245.6,212.54,272.66,273.85,Critical,Critical,26.15,91.28
2024-12-15 20:00:00,254.5372314453125,300.0,198.0,254.54,244.82,205.57,213.53,Warning,Critical,15.53,92.16
2024-12-15 21:00:00,182.033935546875,198.0,41.0,182.03,227.39,32.69,42.86,Safe,Safe,1.86,95.45
2024-12-15 22:00:00,36.502716064453125,41.0,46.0,36.5,157.69,46.93,39.06,Safe,Safe,6.94,84.91
2024-12-15 23:00:00,35.64131164550781,46.0,36.0,35.64,84.73,41.95,40.88,Safe,Safe,4.88,86.45
2024-12-16 00:00:00,34.588775634765625,36.0,33.0,34.59,35.58,42.63,39.22,Safe,Safe,6.22,81.15
2024-12-16 01:00:00,32.60944366455078,33.0,29.0,32.61,34.28,41.95,35.34,Safe,Safe,6.34,78.15
2024-12-16 02:00:00,33.05759048461914,29.0,24.0,33.06,33.42,44.11,30.16,Safe,Safe,6.16,74.32
2024-12-16 03:00:00,30.12920379638672,24.0,28.0,30.13,31.93,46.93,31.63,Safe,Safe,3.63,87.04
2024-12-16 04:00:00,25.73779296875,28.0,101.0,25.74,29.64,101.6,91.66,Warning,Safe,9.34,90.75
2024-12-16 05:00:00,99.81552124023438,101.0,90.0,99.82,51.89,126.97,87.97,Safe,Safe,2.03,97.74
2024-12-16 06:00:00,70.68036651611328,90.0,162.0,70.68,65.41,234.33,159.56,Warning,Warning,2.44,98.49
2024-12-16 07:00:00,166.17947387695312,162.0,213.0,166.18,112.23,263.15,210.45,Critical,Critical,2.55,98.8
2024-12-16 08:00:00,185.27688598632812,213.0,187.0,185.28,140.71,254.54,203.69,Warning,Critical,16.69,91.08
2024-12-16 09:00:00,169.0521240234375,187.0,166.0,169.05,173.5,178.28,156.77,Warning,Warning,9.23,94.44
2024-12-16 10:00:00,158.65402221679688,166.0,131.0,158.65,170.99,134.97,121.13,Warning,Warning,9.87,92.46
2024-12-16 11:00:00,137.0221710205078,131.0,106.0,137.02,154.91,165.28,116.56,Warning,Warning,10.56,90.04
2024-12-16 12:00:00,107.29583740234375,106.0,123.0,107.3,134.32,160.57,121.66,Warning,Warning,1.34,98.91
2024-12-16 13:00:00,126.96678161621094,123.0,107.0,126.97,123.76,175.54,122.58,Warning,Warning,15.58,85.44
2024-12-16 14:00:00,123.0447769165039,107.0,110.0,123.04,119.1,133.41,119.0,Warning,Warning,9.0,91.82
2024-12-16 15:00:00,91.67859649658203,110.0,110.0,91.68,113.9,132.68,115.14,Warning,Warning,5.14,95.33
2024-12-16 16:00:00,98.1741943359375,110.0,129.0,98.17,104.3,157.69,120.18,Warning,Warning,8.82,93.16
2024-12-16 17:00:00,126.25714874267578,129.0,127.0,126.26,105.37,234.33,150.37,Warning,Warning,23.37,81.6
2024-12-16 18:00:00,121.58740234375,127.0,183.0,121.59,115.34,245.6,189.74,Warning,Warning,6.74,96.31
2024-12-16 19:00:00,178.44155883789062,183.0,194.0,178.44,142.1,254.54,185.6,Warning,Warning,8.4,95.67
2024-12-16 20:00:00,188.18238830566406,194.0,131.0,188.18,162.74,182.03,155.57,Warning,Warning,24.57,81.25
2024-12-16 21:00:00,108.31849670410156,131.0,33.0,108.32,158.31,36.5,27.79,Safe,Safe,5.21,84.22
2024-12-16 22:00:00,31.33649253845215,33.0,32.0,31.34,109.28,35.64,24.81,Safe,Safe,7.19,77.53
2024-12-16 23:00:00,27.01401710510254,32.0,24.0,27.01,55.56,34.59,29.85,Safe,Safe,5.85,75.62
2024-12-17 00:00:00,23.385623931884766,24.0,24.0,23.39,27.25,32.61,29.77,Safe,Safe,5.77,75.94
2024-12-17 01:00:00,30.12920379638672,24.0,34.0,30.13,26.84,33.06,28.78,Safe,Safe,5.22,84.64
2024-12-17 02:00:00,28.13072395324707,34.0,26.0,28.13,27.22,30.13,25.91,Safe,Safe,0.09,99.64
2024-12-17 03:00:00,20.51638412475586,26.0,24.0,20.52,26.26,25.74,29.8,Safe,Safe,5.8,75.83
2024-12-17 04:00:00,30.12920379638672,24.0,101.0,30.13,26.26,99.82,85.4,Warning,Safe,15.6,84.55
2024-12-17 05:00:00,84.81858825683594,101.0,98.0,84.82,45.15,70.68,83.9,Safe,Safe,14.1,85.61
2024-12-17 06:00:00,89.84654235839844,98.0,157.0,89.85,68.26,166.18,152.87,Warning,Warning,4.13,97.37
2024-12-17 07:00:00,133.40965270996094,157.0,198.0,133.41,102.69,185.28,200.56,Warning,Critical,2.56,98.71
2024-12-17 08:00:00,172.90567016601562,198.0,216.0,172.91,132.05,169.05,193.68,Critical,Warning,22.32,89.67
2024-12-17 09:00:00,210.86807250976562,216.0,159.0,210.87,172.39,158.65,150.51,Warning,Warning,8.49,94.66
2024-12-17 10:00:00,158.07847595214844,159.0,121.0,158.08,180.62,137.02,117.19,Warning,Warning,3.81,96.85
2024-12-17 11:00:00,118.21829223632812,121.0,123.0,118.22,162.39,107.3,112.65,Warning,Warning,10.35,91.59
2024-12-17 12:00:00,126.96678161621094,123.0,119.0,126.97,134.42,126.97,118.43,Warning,Warning,0.57,99.52
2024-12-17 13:00:00,90.21966552734375,119.0,119.0,90.22,111.8,123.04,120.6,Warning,Warning,1.6,98.66
2024-12-17 14:00:00,90.21966552734375,119.0,110.0,90.22,102.47,91.68,118.05,Warning,Warning,8.05,92.68
2024-12-17 15:00:00,91.67859649658203,110.0,117.0,91.68,90.71,98.17,114.95,Warning,Warning,2.05,98.24
2024-12-17 16:00:00,104.4687728881836,117.0,117.0,104.47,95.46,126.26,120.89,Warning,Warning,3.89,96.68
2024-12-17 17:00:00,108.9134292602539,117.0,139.0,108.91,101.69,121.59,151.36,Warning,Warning,12.36,91.11
2024-12-17 18:00:00,135.40118408203125,139.0,181.0,135.4,116.26,178.44,188.68,Warning,Warning,7.68,95.76
2024-12-17 19:00:00,165.27511596679688,181.0,200.0,165.28,136.53,188.18,183.02,Critical,Warning,16.98,91.51
2024-12-17 20:00:00,178.27688598632812,200.0,146.0,178.28,159.65,108.32,148.71,Warning,Warning,2.71,98.14
2024-12-17 21:00:00,137.53140258789062,146.0,24.0,137.53,160.36,31.34,26.44,Safe,Safe,2.44,89.83
2024-12-17 22:00:00,23.385623931884766,24.0,28.0,23.39,113.06,27.01,26.87,Safe,Safe,1.13,95.97
2024-12-17 23:00:00,24.444541931152344,28.0,24.0,24.44,61.79,23.39,31.18,Safe,Safe,7.18,70.08
2024-12-18 00:00:00,23.385623931884766,24.0,33.0,23.39,23.74,30.13,31.05,Safe,Safe,1.95,94.09
2024-12-18 01:00:00,32.60944366455078,33.0,28.0,32.61,26.81,28.13,30.53,Safe,Safe,2.53,90.96
2024-12-18 02:00:00,26.61195182800293,28.0,28.0,26.61,27.54,20.52,27.85,Safe,Safe,0.15,99.46
2024-12-18 03:00:00,24.444541931152344,28.0,47.0,24.44,27.89,30.13,30.66,Safe,Safe,16.34,65.23
2024-12-18 04:00:00,48.10658645629883,47.0,79.0,48.11,33.05,84.82,88.61,Safe,Safe,9.61,87.84
2024-12-18 05:00:00,81.81297302246094,79.0,79.0,81.81,51.45,89.85,89.64,Safe,Safe,10.64,86.54
2024-12-18 06:00:00,81.81297302246094,79.0,170.0,81.81,70.58,133.41,158.71,Warning,Warning,11.29,93.36
2024-12-18 07:00:00,175.82594299316406,170.0,198.0,175.83,113.15,172.91,207.19,Warning,Critical,9.19,95.36
2024-12-18 08:00:00,172.90567016601562,198.0,213.0,172.91,143.51,210.87,200.22,Critical,Critical,12.78,94.0
2024-12-18 09:00:00,211.74005126953125,213.0,170.0,211.74,186.82,158.08,155.46,Warning,Warning,14.54,91.44
2024-12-18 10:00:00,175.82594299316406,170.0,131.0,175.83,186.82,118.22,119.25,Warning,Warning,11.75,91.03
2024-12-18 11:00:00,164.1561737060547,131.0,98.0,164.16,183.91,126.97,113.5,Safe,Warning,15.5,84.19
2024-12-18 12:00:00,89.84654235839844,98.0,129.0,89.85,143.28,90.22,119.7,Warning,Warning,9.3,92.79
2024-12-18 13:00:00,126.25714874267578,129.0,129.0,126.26,126.75,90.22,122.3,Warning,Warning,6.7,94.8
2024-12-18 14:00:00,126.25714874267578,129.0,106.0,126.26,114.12,91.68,119.7,Warning,Warning,13.7,87.08
2024-12-18 15:00:00,106.92770385742188,106.0,127.0,106.93,119.81,104.47,115.98,Warning,Warning,11.02,91.32
2024-12-18 16:00:00,121.58740234375,127.0,113.0,121.59,118.26,108.91,120.64,Warning,Warning,7.64,93.24
2024-12-18 17:00:00,106.22918701171875,113.0,166.0,106.23,111.58,135.4,150.01,Warning,Warning,15.99,90.37
2024-12-18 18:00:00,158.65402221679688,166.0,190.0,158.65,128.82,165.28,190.77,Warning,Warning,0.77,99.59
2024-12-18 19:00:00,177.6548309326172,190.0,187.0,177.65,147.51,178.28,187.36,Warning,Warning,0.36,99.81
2024-12-18 20:00:00,169.0521240234375,187.0,137.0,169.05,168.45,137.53,151.62,Warning,Warning,14.62,89.33
2024-12-18 21:00:00,133.77249145507812,137.0,31.0,133.77,160.16,23.39,27.13,Safe,Safe,3.87,87.52
2024-12-18 22:00:00,26.435131072998047,31.0,31.0,26.44,109.75,24.44,25.85,Safe,Safe,5.15,83.37
2024-12-18 23:00:00,26.99037742614746,31.0,24.0,26.99,62.4,23.39,31.25,Safe,Safe,7.25,69.78
2024-12-19 00:00:00,30.12920379638672,24.0,26.0,30.13,27.85,32.61,32.18,Safe,Safe,6.18,76.22
2024-12-19 01:00:00,20.51638412475586,26.0,31.0,20.52,25.88,26.61,30.91,Safe,Safe,0.09,99.72
2024-12-19 02:00:00,26.435131072998047,31.0,28.0,26.44,25.69,24.44,27.4,Safe,Safe,0.6,97.86
2024-12-19 03:00:00,25.73779296875,28.0,32.0,25.74,24.23,48.11,29.2,Safe,Safe,2.8,91.24
2024-12-19 04:00:00,27.01401710510254,32.0,92.0,27.01,26.4,81.81,83.12,Safe,Safe,8.88,90.34
2024-12-19 05:00:00,94.87705993652344,92.0,82.0,94.88,49.21,81.81,84.36,Safe,Safe,2.36,97.12
2024-12-19 06:00:00,68.89469909667969,82.0,263.0,68.89,63.6,175.83,155.95,Critical,Warning,107.05,59.3
2024-12-19 07:00:00,222.06903076171875,263.0,180.0,222.07,128.61,172.91,206.76,Warning,Critical,26.76,85.13
2024-12-19 08:00:00,184.22586059570312,180.0,227.0,184.23,158.4,211.74,201.45,Critical,Critical,25.55,88.74
2024-12-19 09:00:00,202.517333984375,227.0,172.0,202.52,202.94,175.83,158.05,Warning,Warning,13.95,91.89
2024-12-19 10:00:00,157.39450073242188,172.0,190.0,157.39,181.38,164.16,123.27,Warning,Warning,66.73,64.88
2024-12-19 11:00:00,177.6548309326172,190.0,119.0,177.65,179.19,89.85,117.13,Warning,Warning,1.87,98.43
2024-12-19 12:00:00,90.21966552734375,119.0,110.0,90.22,141.76,126.26,122.4,Warning,Warning,12.4,88.73
2024-12-19 13:00:00,91.67859649658203,110.0,132.0,91.68,119.85,126.26,124.55,Warning,Warning,7.45,94.36
2024-12-19 14:00:00,130.65719604492188,132.0,113.0,130.66,104.19,106.93,121.98,Warning,Warning,8.98,92.05
2024-12-19 15:00:00,106.22918701171875,113.0,119.0,106.23,109.52,121.59,118.45,Warning,Warning,0.55,99.54
2024-12-19 16:00:00,90.21966552734375,119.0,131.0,90.22,109.04,106.23,122.53,Warning,Warning,8.47,93.54
2024-12-19 17:00:00,164.1561737060547,131.0,137.0,164.16,120.2,158.65,150.86,Warning,Warning,13.86,89.88
2024-12-19 18:00:00,133.77249145507812,137.0,190.0,133.77,129.38,177.65,193.43,Warning,Warning,3.43,98.19
2024-12-19 19:00:00,177.6548309326172,190.0,162.0,177.65,158.53,169.05,193.48,Warning,Warning,31.48,80.57
2024-12-19 20:00:00,166.17947387695312,162.0,154.0,166.18,159.2,133.77,157.73,Warning,Warning,3.73,97.58
2024-12-19 21:00:00,136.0602264404297,154.0,28.0,136.06,159.96,26.44,30.09,Safe,Safe,2.09,92.54
2024-12-19 22:00:00,26.61195182800293,28.0,32.0,26.61,109.62,26.99,26.54,Safe,Safe,5.46,82.95
2024-12-19 23:00:00,27.01401710510254,32.0,54.0,27.01,63.23,30.13,32.83,Safe,Safe,21.17,60.8
2024-12-20 00:00:00,55.295433044433594,54.0,74.0,55.3,36.31,20.52,34.68,Safe,Safe,39.32,46.87
2024-12-20 01:00:00,72.17752838134766,74.0,89.0,72.18,51.5,26.44,35.52,Safe,Safe,53.48,39.91
2024-12-20 02:00:00,76.40565490722656,89.0,89.0,76.41,67.96,25.74,38.53,Safe,Safe,50.47,43.29
2024-12-20 03:00:00,82.30894470214844,89.0,87.0,82.31,76.96,27.01,60.16,Safe,Safe,26.84,69.15
2024-12-20 04:00:00,92.98699951171875,87.0,253.0,92.99,83.9,94.88,150.8,Critical,Warning,102.2,59.6
2024-12-20 05:00:00,209.19949340820312,253.0,217.0,209.2,128.17,68.89,197.58,Critical,Warning,19.42,91.05
2024-12-20 06:00:00,214.08404541015625,217.0,429.0,214.08,172.09,222.07,344.47,Critical,Critical,84.53,80.3
2024-12-20 07:00:00,340.3336486816406,429.0,465.0,340.33,254.54,184.23,443.81,Critical,Critical,21.19,95.44
2024-12-20 08:00:00,384.79656982421875,465.0,470.0,384.8,313.07,202.52,452.09,Critical,Critical,17.91,96.19
2024-12-20 09:00:00,358.8525390625,470.0,470.0,358.85,361.33,157.39,378.45,Critical,Critical,91.55,80.52
2024-12-20 10:00:00,358.8525390625,470.0,513.0,358.85,367.5,177.65,312.18,Critical,Critical,200.82,60.85
2024-12-20 11:00:00,417.68145751953125,513.0,298.0,417.68,378.46,90.22,306.45,Critical,Critical,8.45,97.17
2024-12-20 12:00:00,260.96893310546875,298.0,282.0,260.97,345.83,91.68,314.64,Critical,Critical,32.64,88.43
2024-12-20 13:00:00,254.0755157470703,282.0,429.0,254.08,310.91,130.66,313.03,Critical,Critical,115.97,72.97
2024-12-20 14:00:00,340.3336486816406,429.0,298.0,340.33,285.13,106.23,307.38,Critical,Critical,9.38,96.85
2024-12-20 15:00:00,260.96893310546875,298.0,298.0,260.97,285.13,90.22,302.45,Critical,Critical,4.45,98.51
2024-12-20 16:00:00,260.96893310546875,298.0,300.0,260.97,287.42,164.16,320.59,Critical,Critical,20.59,93.14
2024-12-20 17:00:00,254.5372314453125,300.0,327.0,254.54,258.83,133.77,382.31,Critical,Critical,55.31,83.08
2024-12-20 18:00:00,348.35443115234375,327.0,505.0,348.35,287.95,177.65,461.77,Critical,Critical,43.23,91.44
2024-12-20 19:00:00,452.8238525390625,505.0,513.0,452.82,351.91,166.18,478.11,Critical,Critical,34.89,93.2
2024-12-20 20:00:00,417.68145751953125,513.0,412.0,417.68,406.29,136.06,352.82,Critical,Critical,59.18,85.63
2024-12-20 21:00:00,423.0963134765625,412.0,85.0,423.1,431.2,26.61,90.69,Safe,Safe,5.69,93.31
2024-12-20 22:00:00,68.61888122558594,85.0,88.0,68.62,303.13,27.01,73.59,Safe,Safe,14.41,83.63
2024-12-20 23:00:00,73.56411743164062,88.0,82.0,73.56,188.43,55.3,62.72,Safe,Safe,19.28,76.49
2024-12-21 00:00:00,68.89469909667969,82.0,44.0,68.89,70.36,72.18,54.7,Safe,Safe,10.7,75.68
2024-12-21 01:00:00,46.93303680419922,44.0,44.0,46.93,63.13,76.41,49.87,Safe,Safe,5.87,86.65
2024-12-21 02:00:00,41.953487396240234,44.0,43.0,41.95,52.59,82.31,48.84,Safe,Safe,5.84,86.42
2024-12-21 03:00:00,36.76141357421875,43.0,44.0,36.76,41.88,92.99,53.93,Safe,Safe,9.93,77.44
2024-12-21 04:00:00,41.953487396240234,44.0,133.0,41.95,40.22,209.2,129.65,Warning,Warning,3.35,97.48
2024-12-21 05:00:00,129.9104461669922,133.0,129.0,129.91,69.54,214.08,148.62,Warning,Warning,19.62,84.79
2024-12-21 06:00:00,126.25714874267578,129.0,235.0,126.26,99.37,340.33,228.21,Critical,Critical,6.79,97.11
2024-12-21 07:00:00,241.75717163085938,235.0,251.0,241.76,165.97,384.8,292.18,Critical,Critical,41.18,83.59
2024-12-21 08:00:00,226.57882690429688,251.0,300.0,226.58,198.2,358.85,285.28,Critical,Critical,14.72,95.09
2024-12-21 09:00:00,254.5372314453125,300.0,230.0,254.54,240.96,358.85,225.32,Critical,Critical,4.68,97.96
2024-12-21 10:00:00,205.50450134277344,230.0,154.0,205.5,228.87,417.68,172.93,Warning,Warning,18.93,87.71
2024-12-21 11:00:00,136.0602264404297,154.0,181.0,136.06,198.7,260.97,163.98,Warning,Warning,17.02,90.6
2024-12-21 12:00:00,165.27511596679688,181.0,217.0,165.28,168.95,254.08,170.25,Critical,Warning,46.75,78.46
2024-12-21 13:00:00,214.08404541015625,217.0,153.0,214.08,171.81,340.33,171.39,Warning,Warning,18.39,87.98
2024-12-21 14:00:00,139.461669921875,153.0,180.0,139.46,172.94,260.97,166.99,Warning,Warning,13.01,92.77
2024-12-21 15:00:00,152.9251708984375,180.0,156.0,152.93,168.82,260.97,161.93,Warning,Warning,5.93,96.2
2024-12-21 16:00:00,157.69326782226562,156.0,158.0,157.69,150.03,254.54,167.23,Warning,Warning,9.23,94.16
2024-12-21 17:00:00,140.42489624023438,158.0,200.0,140.42,150.35,348.35,205.63,Critical,Critical,5.63,97.18
2024-12-21 18:00:00,151.05458068847656,200.0,282.0,151.05,149.72,452.82,263.28,Critical,Critical,18.72,93.36
2024-12-21 19:00:00,254.0755157470703,282.0,263.0,254.08,181.85,417.68,262.06,Critical,Critical,0.94,99.64
2024-12-21 20:00:00,222.06903076171875,263.0,226.0,222.07,209.07,423.1,204.05,Critical,Critical,21.95,90.29
2024-12-21 21:00:00,234.33041381835938,226.0,46.0,234.33,236.82,68.62,40.82,Safe,Safe,5.18,88.74
2024-12-21 22:00:00,35.64131164550781,46.0,43.0,35.64,164.01,73.56,39.27,Safe,Safe,3.73,91.32
2024-12-21 23:00:00,36.76141357421875,43.0,46.0,36.76,102.24,68.89,43.36,Safe,Safe,2.64,94.25
2024-12-22 00:00:00,35.64131164550781,46.0,44.0,35.64,36.01,46.93,43.08,Safe,Safe,0.92,97.91
2024-12-22 01:00:00,41.953487396240234,44.0,41.0,41.95,38.12,41.95,40.21,Safe,Safe,0.79,98.06
2024-12-22 02:00:00,45.00168228149414,41.0,46.0,45.0,40.87,36.76,37.74,Safe,Safe,8.26,82.05
2024-12-22 03:00:00,41.79304885864258,46.0,41.0,41.79,42.92,41.95,45.66,Safe,Safe,4.66,88.64
2024-12-22 04:00:00,30.87221908569336,41.0,104.0,30.87,39.22,129.91,123.08,Warning,Warning,19.08,81.65
2024-12-22 05:00:00,98.03958129882812,104.0,110.0,98.04,56.9,126.26,124.99,Warning,Warning,14.99,86.38
2024-12-22 06:00:00,91.67859649658203,110.0,229.0,91.68,73.53,241.76,210.91,Critical,Critical,18.09,92.1
2024-12-22 07:00:00,196.75375366210938,229.0,236.0,196.75,128.82,226.58,273.08,Critical,Critical,37.08,84.29
2024-12-22 08:00:00,220.2288818359375,236.0,282.0,220.23,169.55,254.54,268.26,Critical,Critical,13.74,95.13
2024-12-22 09:00:00,254.0755157470703,282.0,204.0,254.08,223.69,205.5,210.66,Critical,Critical,6.66,96.74
2024-12-22 10:00:00,209.92034912109375,204.0,165.0,209.92,228.07,136.06,163.61,Warning,Warning,1.39,99.16
2024-12-22 11:00:00,168.86846923828125,165.0,139.0,168.87,210.95,165.28,158.17,Warning,Warning,19.17,86.21
2024-12-22 12:00:00,126.58786010742188,139.0,265.0,126.59,168.46,214.08,165.51,Critical,Warning,99.49,62.46
2024-12-22 13:00:00,231.68218994140625,265.0,154.0,231.68,175.71,139.46,167.01,Warning,Warning,13.01,91.55
2024-12-22 14:00:00,136.0602264404297,154.0,146.0,136.06,164.78,152.93,162.87,Warning,Warning,16.87,88.45
2024-12-22 15:00:00,141.8232421875,146.0,159.0,141.82,169.86,157.69,158.13,Warning,Warning,0.87,99.45
2024-12-22 16:00:00,158.07847595214844,159.0,164.0,158.08,145.32,140.42,164.69,Warning,Warning,0.69,99.58
2024-12-22 17:00:00,141.56678771972656,164.0,301.0,141.57,147.16,151.05,207.26,Critical,Critical,93.74,68.86
2024-12-22 18:00:00,291.55718994140625,301.0,265.0,291.56,197.07,254.08,277.58,Critical,Critical,12.58,95.25
2024-12-22 19:00:00,245.60165405273438,265.0,217.0,245.6,226.24,222.07,277.97,Critical,Critical,60.97,71.91
2024-12-22 20:00:00,214.08404541015625,217.0,229.0,214.08,250.41,234.33,213.02,Critical,Critical,15.98,93.02
2024-12-22 21:00:00,196.75375366210938,229.0,40.0,196.75,218.81,35.64,41.78,Safe,Safe,1.78,95.55
2024-12-22 22:00:00,37.62821960449219,40.0,36.0,37.63,149.49,36.76,39.23,Safe,Safe,3.23,91.02
2024-12-22 23:00:00,34.588775634765625,36.0,42.0,34.59,89.66,35.64,40.9,Safe,Safe,1.1,97.38
2024-12-23 00:00:00,35.38056564331055,42.0,29.0,35.38,35.87,41.95,39.24,Safe,Safe,10.24,64.7
2024-12-23 01:00:00,24.393386840820312,29.0,32.0,24.39,31.45,45.0,34.92,Safe,Safe,2.92,90.87
2024-12-23 02:00:00,27.01401710510254,32.0,29.0,27.01,28.93,41.79,28.76,Safe,Safe,0.24,99.18
2024-12-23 03:00:00,33.05759048461914,29.0,28.0,33.06,28.15,30.87,29.18,Safe,Safe,1.18,95.8
2024-12-23 04:00:00,25.73779296875,28.0,89.0,25.74,28.6,98.04,88.09,Safe,Safe,0.91,98.98
2024-12-23 05:00:00,81.87765502929688,89.0,79.0,81.88,46.89,91.68,82.55,Safe,Safe,3.55,95.51
2024-12-23 06:00:00,66.48313903808594,79.0,143.0,66.48,58.03,196.75,153.45,Warning,Warning,10.45,92.69
2024-12-23 07:00:00,136.8455047607422,143.0,217.0,136.85,95.07,220.23,204.96,Critical,Critical,12.04,94.45
2024-12-23 08:00:00,214.08404541015625,217.0,206.0,214.08,139.14,254.08,199.05,Critical,Warning,6.95,96.62
2024-12-23 09:00:00,185.82611083984375,206.0,153.0,185.83,178.92,209.92,154.26,Warning,Warning,1.26,99.18
2024-12-23 10:00:00,139.461669921875,153.0,107.0,139.46,179.79,168.87,120.02,Warning,Warning,13.02,87.83
2024-12-23 11:00:00,123.0447769165039,107.0,129.0,123.04,149.44,126.59,115.24,Warning,Warning,13.76,89.33
2024-12-23 12:00:00,126.25714874267578,129.0,107.0,126.26,129.59,231.68,119.89,Warning,Warning,12.89,87.95
2024-12-23 13:00:00,99.42133331298828,107.0,101.0,99.42,116.24,136.06,120.8,Warning,Warning,19.8,80.4
2024-12-23 14:00:00,84.81858825683594,101.0,101.0,84.82,103.5,141.82,117.32,Warning,Warning,16.32,83.85
2024-12-23 15:00:00,99.81552124023438,101.0,122.0,99.82,94.69,158.08,113.53,Warning,Warning,8.47,93.06
2024-12-23 16:00:00,110.36428833007812,122.0,119.0,110.36,98.33,141.57,118.58,Warning,Warning,0.42,99.65
2024-12-23 17:00:00,90.21966552734375,119.0,127.0,90.22,100.13,291.56,147.13,Warning,Warning,20.13,84.15
2024-12-23 18:00:00,121.58740234375,127.0,164.0,121.59,107.39,245.6,184.11,Warning,Warning,20.11,87.74
2024-12-23 19:00:00,163.82643127441406,164.0,194.0,163.83,125.21,214.08,179.95,Warning,Warning,14.05,92.76
2024-12-23 20:00:00,188.18238830566406,194.0,153.0,188.18,157.87,196.75,151.41,Warning,Warning,1.59,98.96
2024-12-23 21:00:00,139.461669921875,153.0,32.0,139.46,163.82,37.63,27.26,Safe,Safe,4.74,85.19
2024-12-23 22:00:00,27.01401710510254,32.0,28.0,27.01,118.22,34.59,24.42,Safe,Safe,3.58,87.21
2024-12-23 23:00:00,24.444541931152344,28.0,31.0,24.44,63.64,35.38,29.69,Safe,Safe,1.31,95.77
2024-12-24 00:00:00,26.99037742614746,31.0,32.0,26.99,26.15,24.39,29.87,Safe,Safe,2.13,93.36
2024-12-24 01:00:00,27.01401710510254,32.0,31.0,27.01,26.15,27.01,28.9,Safe,Safe,2.1,93.24
2024-12-24 02:00:00,26.99037742614746,31.0,24.0,26.99,27.0,33.06,25.97,Safe,Safe,1.97,91.77
2024-12-24 03:00:00,23.385623931884766,24.0,31.0,23.39,25.8,25.74,30.18,Safe,Safe,0.82,97.37
2024-12-24 04:00:00,26.99037742614746,31.0,86.0,26.99,25.79,81.88,85.62,Safe,Safe,0.38,99.56
2024-12-24 05:00:00,77.9565658569336,86.0,79.0,77.96,42.78,66.48,83.11,Safe,Safe,4.11,94.8
2024-12-24 06:00:00,69.55878448486328,79.0,142.0,69.56,58.17,136.85,149.27,Warning,Warning,7.27,94.88
2024-12-24 07:00:00,134.96624755859375,142.0,227.0,134.97,94.16,214.08,197.21,Critical,Warning,29.79,86.88
2024-12-24 08:00:00,202.517333984375,227.0,194.0,202.52,135.68,185.83,191.75,Warning,Warning,2.25,98.84
2024-12-24 09:00:00,188.18238830566406,194.0,170.0,188.18,175.22,139.46,149.89,Warning,Warning,20.11,88.17
2024-12-24 10:00:00,175.82594299316406,170.0,113.0,175.83,188.84,123.04,116.99,Warning,Warning,3.99,96.47
2024-12-24 11:00:00,106.22918701171875,113.0,117.0,106.23,156.75,126.26,112.31,Warning,Warning,4.69,95.99
2024-12-24 12:00:00,104.4687728881836,117.0,96.0,104.47,128.84,99.42,117.82,Safe,Warning,21.82,77.27
2024-12-24 13:00:00,104.85931396484375,96.0,122.0,104.86,105.19,84.82,119.9,Warning,Warning,2.1,98.27
2024-12-24 14:00:00,110.36428833007812,122.0,101.0,110.36,106.56,99.82,117.41,Warning,Warning,16.41,83.75
2024-12-24 15:00:00,99.81552124023438,101.0,113.0,99.82,105.01,110.36,114.54,Warning,Warning,1.54,98.64
2024-12-24 16:00:00,106.22918701171875,113.0,183.0,106.23,105.47,90.22,120.82,Warning,Warning,62.18,66.02
2024-12-24 17:00:00,178.44155883789062,183.0,143.0,178.44,128.16,121.59,153.8,Warning,Warning,10.8,92.45
2024-12-24 18:00:00,174.556396484375,143.0,184.0,174.56,153.08,163.83,196.45,Warning,Warning,12.45,93.23
2024-12-24 19:00:00,166.26516723632812,184.0,156.0,166.27,173.09,188.18,190.53,Warning,Warning,34.53,77.87
2024-12-24 20:00:00,157.69326782226562,156.0,138.0,157.69,166.17,139.46,152.29,Warning,Warning,14.29,89.64
2024-12-24 21:00:00,141.907958984375,138.0,34.0,141.91,155.29,27.01,26.85,Safe,Safe,7.15,78.97
2024-12-24 22:00:00,28.13072395324707,34.0,24.0,28.13,109.24,24.44,28.08,Safe,Safe,4.08,83.02
2024-12-24 23:00:00,30.12920379638672,24.0,26.0,30.13,66.72,26.99,32.16,Safe,Safe,6.16,76.3
2024-12-25 00:00:00,20.51638412475586,26.0,28.0,20.52,26.26,27.01,31.67,Safe,Safe,3.67,86.89
2024-12-25 01:00:00,25.73779296875,28.0,28.0,25.74,25.46,26.99,30.62,Safe,Safe,2.62,90.65
2024-12-25 02:00:00,26.61195182800293,28.0,29.0,26.61,24.29,23.39,27.51,Safe,Safe,1.49,94.88
2024-12-25 03:00:00,24.393386840820312,29.0,28.0,24.39,25.58,26.99,29.55,Safe,Safe,1.55,94.47
2024-12-25 04:00:00,25.73779296875,28.0,84.0,25.74,25.58,77.96,82.88,Safe,Safe,1.12,98.67
2024-12-25 05:00:00,92.21049499511719,84.0,91.0,92.21,47.45,69.56,83.23,Safe,Safe,7.77,91.46
2024-12-25 06:00:00,87.84596252441406,91.0,146.0,87.85,68.6,134.97,152.66,Warning,Warning,6.66,95.44
2024-12-25 07:00:00,137.53140258789062,146.0,227.0,137.53,105.86,202.52,202.17,Critical,Critical,24.83,89.06
2024-12-25 08:00:00,202.517333984375,227.0,429.0,202.52,142.63,188.18,197.18,Critical,Warning,231.82,45.96
2024-12-25 09:00:00,340.3336486816406,429.0,133.0,340.33,226.79,175.83,155.11,Warning,Warning,22.11,83.37
2024-12-25 10:00:00,101.5953598022461,133.0,117.0,101.6,214.82,106.23,119.82,Warning,Warning,2.82,97.59
2024-12-25 11:00:00,108.9134292602539,117.0,106.0,108.91,183.61,104.47,113.63,Warning,Warning,7.63,92.8
2024-12-25 12:00:00,97.4884033203125,106.0,104.0,97.49,102.67,104.86,119.61,Warning,Warning,15.61,84.99
2024-12-25 13:00:00,171.0032501220703,104.0,110.0,171.0,125.8,110.36,122.12,Warning,Warning,12.12,88.98
2024-12-25 14:00:00,91.67859649658203,110.0,119.0,91.68,120.06,99.82,119.55,Warning,Warning,0.55,99.54
2024-12-25 15:00:00,90.21966552734375,119.0,117.0,90.22,117.63,106.23,115.88,Warning,Warning,1.12,99.04
2024-12-25 16:00:00,104.4687728881836,117.0,108.0,104.47,95.46,178.44,120.34,Warning,Warning,12.34,88.57
2024-12-25 17:00:00,106.47457885742188,108.0,142.0,106.47,100.39,174.56,148.8,Warning,Warning,6.8,95.21
2024-12-25 18:00:00,134.47994995117188,142.0,213.0,134.48,115.14,166.27,187.53,Critical,Warning,25.47,88.04
2024-12-25 19:00:00,211.74005126953125,213.0,212.0,211.74,150.9,157.69,185.49,Critical,Warning,26.51,87.5
2024-12-25 20:00:00,205.57290649414062,212.0,127.0,205.57,183.93,141.91,151.65,Warning,Warning,24.65,80.59
2024-12-25 21:00:00,121.58740234375,127.0,32.0,121.59,179.63,28.13,27.45,Safe,Safe,4.55,85.77
2024-12-25 22:00:00,27.01401710510254,32.0,29.0,27.01,118.06,30.13,26.36,Safe,Safe,2.64,90.9
2024-12-25 23:00:00,24.393386840820312,29.0,29.0,24.39,57.66,20.52,31.54,Safe,Safe,2.54,91.24
2024-12-26 00:00:00,33.05759048461914,29.0,31.0,33.06,28.15,25.74,32.43,Safe,Safe,1.43,95.39
2024-12-26 01:00:00,26.99037742614746,31.0,34.0,26.99,28.15,26.61,31.39,Safe,Safe,2.61,92.33
2024-12-26 02:00:00,28.13072395324707,34.0,28.0,28.13,29.39,24.39,28.24,Safe,Safe,0.24,99.14
2024-12-26 03:00:00,25.73779296875,28.0,28.0,25.74,26.95,25.74,30.4,Safe,Safe,2.4,91.43
2024-12-26 04:00:00,24.444541931152344,28.0,96.0,24.44,26.1,92.21,84.53,Safe,Safe,11.47,88.05
2024-12-26 05:00:00,104.85931396484375,96.0,79.0,104.86,51.68,87.85,85.91,Safe,Safe,6.91,91.26
2024-12-26 06:00:00,81.81297302246094,79.0,137.0,81.81,70.37,137.53,158.09,Warning,Warning,21.09,84.61
2024-12-26 07:00:00,133.77249145507812,137.0,206.0,133.77,106.81,202.52,207.57,Critical,Critical,1.57,99.24
2024-12-26 08:00:00,185.82611083984375,206.0,213.0,185.83,133.8,340.33,200.58,Critical,Critical,12.42,94.17
2024-12-26 09:00:00,211.74005126953125,213.0,159.0,211.74,177.11,101.6,157.18,Warning,Warning,1.82,98.85
2024-12-26 10:00:00,158.07847595214844,159.0,131.0,158.08,185.21,108.91,123.23,Warning,Warning,7.77,94.07
2024-12-26 11:00:00,164.1561737060547,131.0,123.0,164.16,177.99,97.49,117.33,Warning,Warning,5.67,95.39
2024-12-26 12:00:00,126.96678161621094,123.0,101.0,126.97,149.73,171.0,122.29,Warning,Warning,21.29,78.92
2024-12-26 13:00:00,99.81552124023438,101.0,117.0,99.82,130.31,91.68,124.26,Warning,Warning,7.26,93.79
2024-12-26 14:00:00,104.4687728881836,117.0,122.0,104.47,110.42,90.22,121.79,Warning,Warning,0.21,99.83
2024-12-26 15:00:00,110.36428833007812,122.0,131.0,110.36,104.88,104.47,118.36,Warning,Warning,12.64,90.35
2024-12-26 16:00:00,164.1561737060547,131.0,106.0,164.16,126.33,106.47,122.69,Warning,Warning,16.69,84.25
2024-12-26 17:00:00,97.4884033203125,106.0,133.0,97.49,124.0,134.48,151.31,Warning,Warning,18.31,86.23
2024-12-26 18:00:00,101.5953598022461,133.0,198.0,101.6,121.08,211.74,192.02,Warning,Warning,5.98,96.98
2024-12-26 19:00:00,182.033935546875,198.0,175.0,182.03,127.04,205.57,191.4,Warning,Warning,16.4,90.63
2024-12-26 20:00:00,162.2108612060547,175.0,131.0,162.21,148.61,121.59,156.11,Warning,Warning,25.11,80.83
2024-12-26 21:00:00,108.31849670410156,131.0,31.0,108.32,150.85,27.01,30.12,Safe,Safe,0.88,97.17
2024-12-26 22:00:00,26.99037742614746,31.0,29.0,26.99,99.17,24.39,26.05,Safe,Safe,2.95,89.84
2024-12-26 23:00:00,24.393386840820312,29.0,41.0,24.39,53.23,33.06,32.3,Safe,Safe,8.7,78.79
2024-12-27 00:00:00,45.00168228149414,41.0,29.0,45.0,32.13,26.99,33.97,Safe,Safe,4.97,82.87
2024-12-27 01:00:00,33.05759048461914,29.0,29.0,33.06,34.15,28.13,33.27,Safe,Safe,4.27,85.27
2024-12-27 02:00:00,24.393386840820312,29.0,38.0,24.39,34.15,25.74,30.97,Safe,Safe,7.03,81.5
2024-12-27 03:00:00,32.481868743896484,38.0,35.0,32.48,29.98,24.44,37.08,Safe,Safe,2.08,94.06
2024-12-27 04:00:00,34.53892517089844,35.0,93.0,34.54,30.47,104.86,100.94,Safe,Warning,7.94,91.47
2024-12-27 05:00:00,85.27059936523438,93.0,104.0,85.27,50.76,81.81,104.74,Warning,Warning,0.74,99.29
2024-12-27 06:00:00,82.13227844238281,104.0,164.0,82.13,67.31,133.77,182.28,Warning,Warning,18.28,88.86
2024-12-27 07:00:00,163.82643127441406,164.0,206.0,163.83,110.41,185.83,237.54,Critical,Critical,31.54,84.69
2024-12-27 08:00:00,185.82611083984375,206.0,217.0,185.83,143.93,211.74,230.33,Critical,Critical,13.33,93.86
2024-12-27 09:00:00,214.08404541015625,217.0,184.0,214.08,187.91,158.08,181.14,Warning,Warning,2.86,98.45
2024-12-27 10:00:00,170.83880615234375,184.0,131.0,170.84,190.25,164.16,143.02,Warning,Warning,12.02,90.82
2024-12-27 11:00:00,164.1561737060547,131.0,131.0,164.16,183.03,126.97,136.85,Warning,Warning,5.85,95.53
2024-12-27 12:00:00,137.0221710205078,131.0,139.0,137.02,157.34,99.82,141.94,Warning,Warning,2.94,97.89
2024-12-27 13:00:00,135.40118408203125,139.0,137.0,135.4,145.53,104.47,143.47,Warning,Warning,6.47,95.28
2024-12-27 14:00:00,143.87655639648438,137.0,127.0,143.88,138.77,110.36,140.32,Warning,Warning,13.32,89.51
2024-12-27 15:00:00,121.58740234375,127.0,122.0,121.59,133.62,164.16,136.69,Warning,Warning,14.69,87.96
2024-12-27 16:00:00,112.01220703125,122.0,122.0,112.01,125.83,97.49,142.02,Warning,Warning,20.02,83.59
2024-12-27 17:00:00,112.01220703125,122.0,167.0,112.01,115.2,101.6,174.65,Warning,Warning,7.65,95.42
2024-12-27 18:00:00,155.37429809570312,167.0,230.0,155.37,126.47,182.03,223.27,Critical,Critical,6.73,97.08
2024-12-27 19:00:00,205.50450134277344,230.0,196.0,205.5,157.63,162.21,221.56,Warning,Critical,25.56,86.96
2024-12-27 20:00:00,183.43106079101562,196.0,195.0,183.43,181.44,108.32,175.09,Warning,Warning,19.91,89.79
2024-12-27 21:00:00,188.08258056640625,195.0,37.0,188.08,192.34,26.99,33.01,Safe,Safe,3.99,89.21
2024-12-27 22:00:00,33.60997772216797,37.0,29.0,33.61,135.04,24.39,33.45,Safe,Safe,4.45,84.66
2024-12-27 23:00:00,24.393386840820312,29.0,29.0,24.39,82.03,45.0,38.98,Safe,Safe,9.98,65.58
2024-12-28 00:00:00,33.05759048461914,29.0,37.0,33.06,30.35,33.06,39.8,Safe,Safe,2.8,92.43
2024-12-28 01:00:00,33.60997772216797,37.0,36.0,33.61,30.35,24.39,38.23,Safe,Safe,2.23,93.81
2024-12-28 02:00:00,34.588775634765625,36.0,40.0,34.59,33.75,32.48,36.46,Safe,Safe,3.54,91.14
2024-12-28 03:00:00,37.62821960449219,40.0,36.0,37.63,35.28,34.54,44.74,Safe,Safe,8.74,75.73
2024-12-28 04:00:00,32.690948486328125,36.0,137.0,32.69,34.97,85.27,119.64,Warning,Warning,17.36,87.33
2024-12-28 05:00:00,143.87655639648438,137.0,122.0,143.88,71.4,82.13,127.66,Warning,Warning,5.66,95.36
2024-12-28 06:00:00,110.36428833007812,122.0,229.0,110.36,95.64,163.83,216.57,Critical,Critical,12.43,94.57
2024-12-28 07:00:00,196.75375366210938,229.0,300.0,196.75,150.33,185.83,279.52,Critical,Critical,20.48,93.17
2024-12-28 08:00:00,254.5372314453125,300.0,277.0,254.54,187.22,214.08,274.43,Critical,Critical,2.57,99.07
2024-12-28 09:00:00,263.1515197753906,277.0,240.0,263.15,238.15,170.84,217.41,Critical,Critical,22.59,90.59
2024-12-28 10:00:00,218.89285278320312,240.0,187.0,218.89,245.53,164.16,168.74,Warning,Warning,18.26,90.23
2024-12-28 11:00:00,160.5743865966797,187.0,158.0,160.57,214.21,137.02,161.05,Warning,Warning,3.05,98.07
2024-12-28 12:00:00,140.42489624023438,158.0,144.0,140.42,173.3,135.4,167.66,Warning,Warning,23.66,83.57
2024-12-28 13:00:00,207.02268981933594,144.0,153.0,207.02,169.34,143.88,169.1,Warning,Warning,16.1,89.48
2024-12-28 14:00:00,139.461669921875,153.0,153.0,139.46,162.3,121.59,165.15,Warning,Warning,12.15,92.06
2024-12-28 15:00:00,139.461669921875,153.0,162.0,139.46,161.98,112.01,160.56,Warning,Warning,1.44,99.11
2024-12-28 16:00:00,166.17947387695312,162.0,158.0,166.18,148.37,112.01,166.28,Warning,Warning,8.28,94.76
2024-12-28 17:00:00,140.42489624023438,158.0,211.0,140.42,148.69,155.37,205.03,Critical,Critical,5.97,97.17
2024-12-28 18:00:00,203.14913940429688,211.0,282.0,203.15,169.92,205.5,264.71,Critical,Critical,17.29,93.87
2024-12-28 19:00:00,254.0755157470703,282.0,236.0,254.08,199.22,183.43,264.48,Critical,Critical,28.48,87.93
2024-12-28 20:00:00,220.2288818359375,236.0,211.0,220.23,225.82,188.08,205.54,Critical,Critical,5.46,97.41
2024-12-28 21:00:00,203.14913940429688,211.0,41.0,203.15,225.82,33.61,40.93,Safe,Safe,0.07,99.84
2024-12-28 22:00:00,45.00168228149414,41.0,43.0,45.0,156.13,24.39,39.06,Safe,Safe,3.94,90.85
2024-12-28 23:00:00,36.76141357421875,43.0,44.0,36.76,94.97,33.06,43.23,Safe,Safe,0.77,98.25
2024-12-29 00:00:00,46.93303680419922,44.0,36.0,46.93,42.9,33.61,43.24,Safe,Safe,7.24,79.9
2024-12-29 01:00:00,32.690948486328125,36.0,44.0,32.69,38.8,34.59,40.22,Safe,Safe,3.78,91.4
2024-12-29 02:00:00,41.953487396240234,44.0,37.0,41.95,40.53,37.63,37.33,Safe,Safe,0.33,99.12
2024-12-29 03:00:00,33.60997772216797,37.0,43.0,33.61,36.08,32.69,43.33,Safe,Safe,0.33,99.22
2024-12-29 04:00:00,36.76141357421875,43.0,129.0,36.76,37.44,143.88,119.75,Warning,Warning,9.25,92.83
2024-12-29 05:00:00,126.25714874267578,129.0,119.0,126.26,65.54,110.36,125.7,Warning,Warning,6.7,94.37
2024-12-29 06:00:00,90.21966552734375,119.0,227.0,90.22,84.41,196.75,213.92,Critical,Critical,13.08,94.24
2024-12-29 07:00:00,202.517333984375,227.0,316.0,202.52,139.66,254.54,276.45,Critical,Critical,39.55,87.48
2024-12-29 08:00:00,300.29840087890625,316.0,298.0,300.3,197.68,263.15,273.76,Critical,Critical,24.24,91.87
2024-12-29 09:00:00,260.96893310546875,298.0,213.0,260.97,254.59,218.89,216.79,Critical,Critical,3.79,98.22
2024-12-29 10:00:00,211.74005126953125,213.0,175.0,211.74,257.67,160.57,167.6,Warning,Warning,7.4,95.77
2024-12-29 11:00:00,162.2108612060547,175.0,158.0,162.21,211.64,140.42,161.33,Warning,Warning,3.33,97.89
2024-12-29 12:00:00,140.42489624023438,158.0,176.0,140.42,171.46,207.02,168.87,Warning,Warning,7.13,95.95
2024-12-29 13:00:00,193.11599731445312,176.0,180.0,193.12,165.25,139.46,170.37,Warning,Warning,9.63,94.65
2024-12-29 14:00:00,184.22586059570312,180.0,147.0,184.23,172.59,139.46,165.86,Warning,Warning,18.86,87.17
2024-12-29 15:00:00,153.4891357421875,147.0,156.0,153.49,176.94,166.18,160.85,Warning,Warning,4.85,96.89
2024-12-29 16:00:00,157.69326782226562,156.0,156.0,157.69,165.14,140.42,167.39,Warning,Warning,11.39,92.7
2024-12-29 17:00:00,157.69326782226562,156.0,298.0,157.69,156.29,203.15,211.49,Critical,Critical,86.51,70.97
2024-12-29 18:00:00,260.96893310546875,298.0,251.0,260.97,192.12,254.08,282.41,Critical,Critical,31.41,87.49
2024-12-29 19:00:00,226.57882690429688,251.0,229.0,226.58,215.08,220.23,280.55,Critical,Critical,51.55,77.49
2024-12-29 20:00:00,196.75375366210938,229.0,213.0,196.75,228.1,203.15,212.92,Critical,Critical,0.08,99.96
2024-12-29 21:00:00,211.74005126953125,213.0,36.0,211.74,211.69,45.0,41.47,Safe,Safe,5.47,84.79
2024-12-29 22:00:00,32.690948486328125,36.0,38.0,32.69,147.06,36.76,38.91,Safe,Safe,0.91,97.6
2024-12-29 23:00:00,44.10675811767578,38.0,43.0,44.11,96.18,46.93,40.96,Safe,Safe,2.04,95.24
2024-12-30 00:00:00,36.76141357421875,43.0,29.0,36.76,37.85,32.69,39.48,Safe,Safe,10.48,63.85
2024-12-30 01:00:00,28.431686401367188,29.0,28.0,28.43,36.43,41.95,35.47,Safe,Safe,7.47,73.33
2024-12-30 02:00:00,25.73779296875,28.0,33.0,25.74,30.31,33.61,29.55,Safe,Safe,3.45,89.54
2024-12-30 03:00:00,31.33649253845215,33.0,34.0,31.34,28.5,36.76,30.29,Safe,Safe,3.71,89.09
2024-12-30 04:00:00,28.13072395324707,34.0,88.0,28.13,28.4,126.26,89.89,Safe,Safe,1.89,97.86
2024-12-30 05:00:00,73.56411743164062,88.0,74.0,73.56,44.34,90.22,83.39,Safe,Safe,9.39,87.31
2024-12-30 06:00:00,72.17752838134766,74.0,138.0,72.18,57.96,202.52,154.07,Warning,Warning,16.07,88.35
2024-12-30 07:00:00,141.907958984375,138.0,216.0,141.91,95.88,300.3,205.38,Critical,Critical,10.62,95.09
2024-12-30 08:00:00,210.86807250976562,216.0,206.0,210.87,141.65,260.97,199.43,Critical,Warning,6.57,96.81
2024-12-30 09:00:00,185.82611083984375,206.0,164.0,185.83,179.53,211.74,154.37,Warning,Warning,9.63,94.13
2024-12-30 10:00:00,141.56678771972656,164.0,120.0,141.57,179.42,162.21,120.1,Warning,Warning,0.1,99.92
2024-12-30 11:00:00,95.20822143554688,120.0,104.0,95.21,140.87,140.42,115.48,Warning,Warning,11.48,88.96
2024-12-30 12:00:00,98.03958129882812,104.0,119.0,98.04,111.6,193.12,120.05,Warning,Warning,1.05,99.12
2024-12-30 13:00:00,90.21966552734375,119.0,127.0,90.22,94.49,184.23,120.71,Warning,Warning,6.29,95.04
2024-12-30 14:00:00,121.58740234375,127.0,127.0,121.59,103.28,153.49,117.01,Warning,Warning,9.99,92.13
2024-12-30 15:00:00,121.58740234375,127.0,106.0,121.59,111.13,157.69,113.21,Warning,Warning,7.21,93.2
2024-12-30 16:00:00,106.92770385742188,106.0,119.0,106.93,116.7,157.69,118.5,Warning,Warning,0.5,99.58
2024-12-30 17:00:00,90.21966552734375,119.0,133.0,90.22,106.24,260.97,147.51,Warning,Warning,14.51,89.09
2024-12-30 18:00:00,101.5953598022461,133.0,212.0,101.6,99.58,226.58,183.86,Critical,Warning,28.14,86.73
2024-12-30 19:00:00,205.57290649414062,212.0,167.0,205.57,132.46,196.75,180.67,Warning,Warning,13.67,91.81
2024-12-30 20:00:00,175.7568817138672,167.0,159.0,175.76,160.98,211.74,152.12,Warning,Warning,6.88,95.67
2024-12-30 21:00:00,158.07847595214844,159.0,28.0,158.08,179.8,32.69,27.78,Safe,Safe,0.22,99.21
2024-12-30 22:00:00,26.61195182800293,28.0,29.0,26.61,120.15,44.11,25.38,Safe,Safe,3.62,87.52
2024-12-30 23:00:00,33.05759048461914,29.0,29.0,33.06,72.58,36.76,30.74,Safe,Safe,1.74,94.0
